code,product_name,brand,nutriscore,category,energy-kcal_100g,fat_100g,saturated-fat_100g,carbohydrates_100g,sugars_100g,proteins_100g,salt_100g,last_modified
3168930010265,cruesly mélange de noix,pepsico france,b,breakfast-cereals,462.0,19.0,2.0,57.0,12.0,8.5,0.0,2026-09-29 18:49:43
3229820160672,Croustillant Chocolat,bjorg,c,breakfast-cereals,431.666666666667,14.0,3.4,62.0,14.0,9.27,0.26,2026-08-13 12:49:10
3229820019307,Flocons d'avoine,bjorg et cie,a,breakfast-cereals,363.333333333333,7.1,1.3,58.0,1.7,11.0,0.02,2026-09-22 15:21:36
3229820129488,"Muesli Raisin, Figue, Datte, Abricot",bjorg,a,breakfast-cereals,352.0,5.8,0.9,59.0,14.0,11.0,0.03,2026-09-13 20:10:42
3387390123210,Chocapic,nestlé,b,breakfast-cereals,384.0,4.4,1.1,73.8,19.9,8.5,0.2,2026-08-23 02:10:11
5010477348678,Special Muesli 30% fruits & noix,jordans,a,breakfast-cereals,360.0,7.2,2.0,60.0,17.0,10.0,0.03,2026-09-13 20:11:30
3229820782560,"Muesli Superfruits Raisins, cassis, cranberry, myrtille",bjorg,a,breakfast-cereals,358.571428571429,6.0,0.857142857142857,60.0,13.0,12.0,0.04,2026-09-19 11:47:11
7613036669146,NESTLE CHOCAPIC BIO Céréales - Boite de 375g,nestlé,b,breakfast-cereals,390.0,5.6,1.6,71.7,19.9,9.1,0.2,2026-08-23 02:18:56
5010029000023,Original,weetabix,a,breakfast-cereals,362.0,2.0,0.6,69.0,4.2,12.0,0.28,2026-09-11 14:38:16
5010477348357,Country Crisp 4 noix,jordans,c,breakfast-cereals,465.0,20.0,2.6,58.0,18.0,11.0,0.03,2026-05-25 09:30:54
8410076610737,Barre de céréales protéinés,nature valley,d,breakfast-cereals,195.0,11.3,7.4,11.0,17.1,10.3,0.99,2026-10-04 09:26:04
3159470000120,CORN FLAKES,kellogg's,d,breakfast-cereals,376.666666666667,0.9,0.2,84.0,8.0,7.0,1.1,2026-09-19 11:43:56
3229820769165,Muesli avoine chocolat bio,bjorg et cie,a,breakfast-cereals,386.0,8.8,3.3,60.0,8.2,12.0,0.1,2026-09-22 15:22:28
3168930010906,Cruesli Chocolat noir,pepsico france,c,breakfast-cereals,455.0,19.0,4.9,57.0,16.0,8.1,0.48,2026-09-13 20:20:15
3168930009078,Flocons d'avoine complète,pepsico france,a,breakfast-cereals,395.0,8.0,1.5,60.0,1.1,11.0,0.01,2026-09-22 15:26:19
20003166,FLOCONS D'AVOINE,lidl,a,breakfast-cereals,372.0,7.0,1.3,58.7,0.7,13.5,0.02,2026-10-05 16:30:05
5010477348630,Muesli 36% fruits noix & graines,jordan,c,breakfast-cereals,373.0,8.4,2.8,60.7,18.9,9.3,0.03,2026-09-13 20:23:47
3168930009795,Muesli Croustillant Noix de pécan & noix du Brésil,pepsico france,b,breakfast-cereals,420.0,11.0,1.8,62.0,13.0,11.0,0.24,2026-09-13 20:24:28
7613035449626,NESTLE CHOCAPIC Céréales 645g,nestlé,b,breakfast-cereals,384.0,4.4,1.1,73.8,19.9,8.5,0.2,2026-09-01 01:29:21
5010477348395,Country Crisp - Chocolat noir 70% cacao,jordans,d,breakfast-cereals,446.0,15.0,8.3,66.0,23.0,8.8,0.03,2026-09-29 13:03:47
5010477348517,Country Crisp 4 Baies,jordans,c,breakfast-cereals,432.0,13.0,1.8,67.0,20.0,9.1,0.03,2026-07-18 08:02:40
3229820798110,Granola Chocolat,bjorg,c,breakfast-cereals,420.0,13.0,3.1,62.0,12.0,10.0,0.01,2026-08-26 14:58:12
3229820797861,Croustillant 3 noix,bjorg,b,breakfast-cereals,486.666666666667,17.0,2.1,56.0,14.0,11.0,0.02,2026-06-20 17:27:36
4008713713411,Copos de avena extra suaves,h. & j. brüggen kg,a,breakfast-cereals,375.0,7.0,1.3,59.0,0.7,14.0,0.02,2026-10-05 04:08:51
5059319023762,Miel Pops,kellog's,c,breakfast-cereals,384.0,1.5,0.1,85.0,22.0,5.2,0.4,2026-05-14 13:16:55
5010029229110,Crispy Minis Choco,weetabix limited,b,breakfast-cereals,386.0,5.1,2.3,70.0,17.0,10.0,0.16,2026-09-29 09:06:59
3421557501722,Muesli croustillant tradition,terres et céréales,c,breakfast-cereals,440.0,13.0,1.7,68.0,20.0,9.1,0.05,2026-03-09 09:20:44
3421557501975,Muesli croustillant duo pépites,terres et céréales bio,c,breakfast-cereals,434.0,13.0,3.8,67.0,25.0,9.2,0.05,2026-06-09 07:10:05
3229820786605,Crousti' Avoine Chocolat,bjorg,c,breakfast-cereals,420.0,12.0,3.7,63.0,13.0,10.0,0.09,2026-09-22 06:08:06
3168930003632,Quaker Oats,quaker,a,breakfast-cereals,375.0,8.0,1.5,60.0,1.1,11.0,0.01,2026-05-30 01:25:31
3229820116716,Muesli aux fruits,bjorg,a,breakfast-cereals,358.333333333333,6.0,2.5,60.0,10.0,11.0,0.02,2026-09-13 22:25:33
3229820796857,Flocons d'avoine,bjorg,a,breakfast-cereals,363.333333333333,8.0,1.0,69.1666666666667,0.0,10.8333333333333,0.0833333333333333,2026-05-30 05:26:09
7613287514325,Fitness Nature Céréales complètes,nestlé,a,breakfast-cereals,368.0,1.5,0.6,74.7,8.3,9.8,0.56,2026-08-27 02:10:46
7613032779566,chocapic,nestlé,b,breakfast-cereals,384.0,4.4,1.1,73.8,19.9,8.5,0.2,2026-10-02 05:10:29
3168930010890,Quaker Cruesli Chocolat au lait,pepsico france,d,breakfast-cereals,471.111111111111,19.0,4.8,59.0,20.0,7.7,0.51,2026-09-13 22:25:48
5010477365316,Oh my crisp ! - Noix,jordans,b,breakfast-cereals,440.0,20.0,3.7,47.0,9.5,9.0,0.03,2026-03-09 09:27:54
3421557502446,T&C Muesli croustillant avoine amandes sans gluten,terres & céréales bio,c,breakfast-cereals,447.0,15.0,1.8,66.0,18.0,9.0,0.04,2026-04-26 12:20:42
3229820794556,"Muesli Proteines Soja, Dattes, Fruits Rouges",bjorg,a,breakfast-cereals,365.0,9.4,1.4,43.0,10.0,21.0,0.02,2026-09-21 18:59:12
3387390326574,Céréales Cookie Crisp,nestlé,c,breakfast-cereals,393.0,5.2,0.9,78.0,22.4,6.7,0.66,2026-09-19 01:49:53
3229820797946,Muesli sans sucres ajoutés raisin figue datte abricot,bjorg,a,breakfast-cereals,352.0,5.8,0.9,59.0,14.0,11.0,0.03,2026-06-01 08:19:14
8402001010873,Muesli Crunchy,mercadona,a,breakfast-cereals,401.0,12.0,1.4,52.0,3.2,8.8,0.08,2026-09-29 17:38:28
5010477356277,Granola Amandes Noisettes & Graines,jordans,a,breakfast-cereals,451.0,14.8,2.4,58.9,2.5,12.6,0.03,2026-03-09 10:02:43
5010477354051,Muesli Bio Superfruits,jordans,a,breakfast-cereals,360.0,5.5,1.0,61.8,10.2,11.2,0.03,2026-06-02 10:21:51
3560071407650,Muesli de quinoa y chocolate,carrefour france,c,breakfast-cereals,424.0,12.0,4.4,67.0,16.0,9.1,0.08,2026-09-29 17:56:26
20621469,Special Flakes Original,,a,breakfast-cereals,386.0,1.8,0.3,79.5,8.8,8.9,0.5125,2026-09-28 20:12:29
5010477348555,Country Crisp 4 Noix,jordans,c,breakfast-cereals,465.0,20.0,2.6,58.6,18.0,11.0,0.03,2026-06-02 09:02:54
3560070614202,Copos de Avena Integral,carrefour france,a,breakfast-cereals,372.0,7.0,1.3,59.0,0.7,14.0,0.0,2026-09-28 20:46:27
3421557910203,Flocons d'avoine complets,terres & céréales,a,breakfast-cereals,371.0,7.0,1.3,60.0,1.0,12.0,0.01,2026-08-25 19:40:09
5053827199568,Müsli-Tresor-Choco Nut,kellogg's trésor,e,breakfast-cereals,456.0,16.0,4.5,69.0,26.0,7.1,0.94,2026-08-23 08:07:58
3168930010869,Cruesli Chocolat noir maxi format,quaker,c,breakfast-cereals,455.0,19.0,4.9,57.0,16.0,8.1,0.48,2026-07-17 15:11:05
3770008009882,Les Fourrées  -  Beurre de Cacahuète & Cacao,funkie,b,breakfast-cereals,438.0,17.0,3.0,58.0,13.0,13.0,0.13,2026-08-04 13:01:56
3564706604360,Muesli Chocolat-Noisette,marque repère,b,breakfast-cereals,446.0,17.0,3.2,59.0,8.7,9.9,0.01,2026-09-22 07:25:51
3387390019995,NESTLE LION Céréales 400g,nestlé,c,breakfast-cereals,406.0,7.4,1.1,73.2,24.5,8.1,0.4,2026-09-22 14:04:43
8480000095367,"Muesli con quinoa, chía y chocolate negro",mercadona,c,breakfast-cereals,416.0,13.0,4.3,60.0,18.0,9.8,0.11,2026-09-22 16:46:29
20283360,Fiocchi di avena integrali,crownfield,a,breakfast-cereals,372.0,7.0,1.3,58.7,0.7,13.5,0.02,2026-09-21 18:43:33
5050083296079,Cereales special K original,kellogg's,c,breakfast-cereals,392.0,1.3,0.3,84.0,15.0,8.0,0.84,2026-09-14 14:04:09
3159470005071,Céréales Extra Pépites Chocolat Noisettes,kellogg's,e,breakfast-cereals,497.0,25.0,12.0,57.0,21.0,8.0,0.68,2026-09-24 22:21:05
3256228686558,Céréales Muesli croustillant au chocolat noir 500G,u,c,breakfast-cereals,395.0,11.0,2.6,61.0,19.0,9.0,0.15,2026-07-07 03:51:15
8480000156112,Avena crunchy,mercadona,a,breakfast-cereals,387.0,5.8,1.0,66.0,4.6,13.0,0.2,2026-09-29 22:09:52
40897677,Hafer Flocken Zart,,a,breakfast-cereals,372.5,6.7,1.1,59.5,0.8,13.2,0.0,2026-09-28 20:53:21
4056489300786,Knusper Müsli Schoko,crownfield,c,breakfast-cereals,447.0,16.2,5.8,59.8,13.7,10.9,0.41,2026-08-14 08:10:25
5900617002983,Granola chocolate / pieces of chocolate,nutrition sante,d,breakfast-cereals,456.0,16.0,3.3,66.0,22.0,8.6,0.61,2026-07-05 13:41:09
5010029000016,Weetabix,weetabix,a,breakfast-cereals,354.0,2.0,0.6,68.0,4.2,11.0,0.28,2026-09-20 18:11:43
3421557110313,Krounchy chocolat,grillon d'or,c,breakfast-cereals,442.0,15.0,2.4,65.0,18.0,9.0,0.01,2026-05-30 01:20:16
3229820800721,muesli superfruits,bjorg,a,breakfast-cereals,362.0,6.0,0.9,60.0,13.0,12.0,0.06,2026-07-01 09:59:56
3421557501630,Muesli BIO Fruits raisins pommes abricots & noix de coco Sans sucres ajoutés,t&c terre et céréales,a,breakfast-cereals,354.0,5.4,1.2,61.0,15.0,9.7,0.01,2026-07-12 08:01:53
3229820802138,Croustillant chocolat,bjorg,c,breakfast-cereals,431.666666666667,14.0,3.8,62.0,14.0,9.8,0.28,2026-06-09 11:56:16
4056489296805,Bio Knusper Müsli Früchte,crownfield,c,breakfast-cereals,441.0,14.8,4.2,63.0,14.0,9.9,0.2,2026-03-09 09:52:20
7613287366665,Nesquik Cereal,nesquik,,breakfast-cereals,373.0,3.0,0.9,73.6,22.4,8.4,0.45,2026-06-18 18:18:26
5053827110983,Céréales Miel Pops,kellogg's,c,breakfast-cereals,384.0,1.5,0.1,85.0,22.0,5.2,0.4,2026-05-30 01:20:22
3760336830586,Les fourrées cacao noisette,funkie,c,breakfast-cereals,423.0,15.0,2.0,68.0,21.0,7.8,0.03,2026-08-04 13:05:53
3229820794549,"Muesli fibres - Son de blé, Figues, Pruneaux",bjorg,a,breakfast-cereals,344.0,6.0,0.9,53.0,9.0,12.0,0.02,2026-09-14 13:55:36
3421557502767,Muesli au chocolat,terres et céréales,a,breakfast-cereals,400.0,11.0,3.9,60.0,9.1,10.0,0.15,2026-08-16 06:22:07
20159917,CORN FLAKES,crownfield,a,breakfast-cereals,386.0,1.2,0.6,84.9,3.0,8.0,0.78,2026-08-04 07:23:05
3421557110221,Muesli avoine amandes chocolat,terres et céréales,c,breakfast-cereals,456.0,17.0,4.0,65.0,22.0,8.7,0.05,2026-03-09 11:39:38
5010477360755,Granola chocolat noir - faible en sucre,jordans,a,breakfast-cereals,460.0,13.3,3.8,65.4,3.8,11.1,0.03,2026-06-05 16:14:43
5059319025711,Special K Chocolat Noir,special k,d,breakfast-cereals,424.0,6.1,3.2,81.0,17.0,8.2,0.64,2026-08-01 18:11:16
3159470001424,Céréales All Bran Kellogg's Fibre Plus,kellogg s produits aliment sas,c,breakfast-cereals,334.0,3.5,0.7,48.0,18.0,14.0,0.95,2026-09-22 15:27:16
5053827199667,Trésor Chocolat au Lait,kellogg's,e,breakfast-cereals,448.0,15.0,4.7,69.0,25.0,7.5,0.96,2026-08-07 07:14:22
5059319023533,Rice Krispies,kellogg's,c,breakfast-cereals,389.0,1.2,0.4,86.0,7.9,7.0,1.0,2026-09-14 14:04:20
5050083516313,Céréales Extra Kellogg's Pépites Chocolat au lait,kellogg's,e,breakfast-cereals,484.0,22.0,12.0,62.0,25.0,7.0,0.68,2026-09-18 09:17:55
8480000229663,Corn flakes 0% azúcares añadidos,mercadona,c,breakfast-cereals,373.333333333333,1.1,0.4,82.0,0.9,6.7,1.0,2026-09-19 11:45:00
3111902100037,Muesli Bio Croustillant Amande Vanille,charles vignon,c,breakfast-cereals,457.777777777778,18.0,1.7,62.0,16.0,9.2,0.01,2026-06-09 11:52:21
5059319030913,Coco Pops,kellogg's,c,breakfast-cereals,386.0,1.9,0.9,84.0,17.0,6.3,0.65,2026-05-26 02:41:07
3560071407773,Croustillant graines de courge et de tournesol,carrefour bio,c,breakfast-cereals,425.0,14.0,1.9,61.0,15.0,11.0,0.02,2026-09-13 21:01:55
3229820796451,Granola Fruits Rouges,bjorg,a,breakfast-cereals,408.0,12.0,1.8,61.0,12.0,10.0,0.02,2026-09-22 06:08:14
3564706624467,Flocon d'avoine,marque repère,a,breakfast-cereals,372.0,7.0,1.3,59.0,0.7,14.0,0.025,2026-09-20 07:17:14
4056489687337,Muesli Crunchy,crownfield,c,breakfast-cereals,445.0,15.8,3.0,62.0,16.0,8.9,0.00013,2026-06-07 07:37:14
3560071270285,Petits flocons d'avoine complète,carrefour bio,a,breakfast-cereals,373.0,7.9,1.3,60.0,1.0,11.0,0.0,2026-07-22 07:41:18
8410188012092,Kelloggs corn flakes the original,kellogg españa s.l.,d,breakfast-cereals,383.205863607393,0.9,0.2,84.0,8.0,7.0,1.1,2026-09-29 22:16:49
8480000094742,Granola baja en azúcares,mercadona,a,breakfast-cereals,477.0,22.7,3.5,50.2,4.7,13.6,0.02,2026-09-29 19:12:13
3229820786599,Flocons d'avoine 4 graines et raisins,bjorg,a,breakfast-cereals,394.0,12.0,1.8,51.0,8.6,15.0,0.03,2026-09-12 11:57:37
3564706612792,Muesli 4 Noix,marque repère,c,breakfast-cereals,463.0,18.0,2.4,60.0,16.0,11.0,0.15,2026-09-16 06:08:18
5010477365378,Céréales oh my crips fruit,jordans,b,breakfast-cereals,427.0,18.0,3.5,49.0,9.8,8.5,0.05,2026-03-09 10:10:57
3250391896554,Flocons d'avoine complète 500g,chabrior,a,breakfast-cereals,369.0,6.8,1.2,60.0,1.1,12.0,0.05,2026-05-02 09:16:06
3229820804224,Céréales complètes au chocolat noir intense,bjorg,c,breakfast-cereals,460.0,19.0,6.6,58.0,17.0,9.6,0.17,2026-08-26 08:04:58
3168930158158,Cruesli miel et noisettes,cruesli,b,breakfast-cereals,460.0,18.0,1.9,63.0,15.0,7.7,0.06,2026-10-06 07:23:51
8445290114594,Crousti fondant choco-noisettes,nestlé,c,breakfast-cereals,452.0,17.4,2.4,62.8,17.5,7.7,0.22,2026-03-09 09:37:59
5010029000801,Weetabix,weetabix limited,a,breakfast-cereals,354.66667,2.0,0.6,68.0,4.2,11.0,0.28,2026-09-29 14:48:14
3421557501685,Muesli croustillant chocolat 500 g,t&c terres & céréales bio,c,breakfast-cereals,437.0,6.6,2.2,33.0,9.6,4.7,0.03,2026-04-15 08:52:22
8480000095718,Copos de trigo espelta integral 0%,mercadona,a,breakfast-cereals,364.0,2.7,0.2,66.0,1.9,14.6,0.78,2026-09-29 17:57:00
3560071407568,"Muesli 35 fruits, noix et graines",carrefour bio,b,breakfast-cereals,380.0,8.3,2.8,63.0,17.0,8.8,0.02,2026-03-09 09:20:39
3560071190965,Flocons d'avoine,carrefour bio,a,breakfast-cereals,372.0,7.0,1.3,59.0,0.7,14.0,0.01,2026-09-18 06:20:31
8402001015205,Avena Crunchy Cacao,mercadona,a,breakfast-cereals,393.0,6.4,1.6,65.0,9.0,13.0,0.18,2026-09-29 22:15:47
3564707186315,Muesli croustillant 3 noix,bio village,b,breakfast-cereals,446.0,15.0,1.8,64.0,17.0,11.0,0.01,2026-05-26 02:40:57
5900020043481,Nestle fitness protein cocoa 0% added sugar,cereal partners poland toruń-pacific sp. z o.o.,a,breakfast-cereals,351.0,5.1,1.4,64.1,0.8,12.1,0.89,2026-09-28 20:24:30
3256228686619,Flocons d'avoine petits,u,a,breakfast-cereals,380.0,9.1,1.7,59.0,1.3,10.0,0.01,2026-10-06 02:31:16
3256229255630,Céréales Granola Noix & Graines 350G,u,a,breakfast-cereals,454.0,18.0,2.0,56.0,13.0,13.0,0.01,2026-10-06 02:28:21
5059319023250,Coco pops Chocos,kellogg's,c,breakfast-cereals,380.0,2.2,1.0,77.0,22.0,10.0,0.67,2026-08-27 09:59:25
5010477367112,Pop & Crisp Miel,jordans,b,breakfast-cereals,417.0,13.0,1.2,60.0,16.0,9.0,0.01,2026-09-16 18:58:25
4056489210016,Muesli crunchy 4 noix,lidl,a,breakfast-cereals,460.0,18.6,2.0,58.9,7.9,10.3,0.11,2026-09-29 08:44:44
5050083739811,Céréales Special K Kellogg's Nature,kellogg's,c,breakfast-cereals,393.333333333333,1.5,0.3,79.0,15.0,9.0,1.0,2026-09-06 07:36:33
3168930009788,Quaker Cruesli Chocolat noisette,cruesli,b,breakfast-cereals,459.0,18.0,3.0,63.0,13.0,7.7,0.01,2026-10-01 11:30:32
3560070792368,Croustillant Nature,carrefour bio,b,breakfast-cereals,447.0,13.0,1.4,69.0,16.0,8.9,0.01,2026-09-06 19:30:53
5059319030517,Corn Flakes,kellogg's,d,breakfast-cereals,378.0,0.9,0.2,84.0,8.0,7.0,1.1,2026-09-26 13:12:52
8480000095329,Cereal mix 0% azúcares añadidos,mercadona,a,breakfast-cereals,372.0,2.7,0.7,74.8,0.7,9.4,0.0,2026-09-24 19:21:54
5053827101424,Smacks,kellogg's,d,breakfast-cereals,377.0,1.6,0.3,81.0,34.0,7.1,0.02,2026-03-28 13:27:44
8480000094926,Muesli 50% frutas y frutos secos,mercadona,c,breakfast-cereals,367.0,9.3,5.1,60.0,26.0,6.8,0.11,2026-09-22 16:40:50
5053827111027,Céréales Frosties,kellogg's,d,breakfast-cereals,375.0,0.6,0.1,87.0,37.0,4.5,0.83,2026-09-22 10:29:59
8480000094889,Copos de trigo integral y arroz 0% azúcares añadidos,mercadona,a,breakfast-cereals,373.0,1.66666666666667,0.166666666666667,75.0,0.666666666666667,10.3333333333333,0.6,2026-09-29 18:48:10
3250390784807,Muesli crisp 4 noix,chabrior,c,breakfast-cereals,474.8,20.0,2.8,60.0,18.0,10.0,0.03,2026-09-30 10:18:47
3560071407711,Croustillant tout chocolat,carrefour bio,d,breakfast-cereals,447.0,16.0,6.1,62.0,20.0,9.4,0.02,2026-05-30 00:34:56
5059319023342,Frosties,kellogg's,d,breakfast-cereals,375.0,0.6,0.1,87.0,37.0,4.5,0.83,2026-06-23 11:38:48
3760336830289,Le Granola Chocolat,funkie,c,breakfast-cereals,405.0,8.4,2.1,67.0,18.0,12.0,0.06,2026-05-19 06:41:37
5050083535079,Céréales Trésor Kellogg's Chocolat Noisettes - 1kg,kellogg's,e,breakfast-cereals,456.666666666667,14.0,3.5,69.0,26.0,7.0,1.1,2026-09-08 13:41:21
5070000126579,Granola Super Nutty,bio&me,a,breakfast-cereals,402.0,14.4,2.2,50.2,9.6,10.9,0.03,2026-03-06 20:01:02
3229820800844,Muesli avoine chocolat,bjorg,c,breakfast-cereals,399.0,10.0,4.2,61.0,9.1,11.0,0.08,2026-03-09 09:39:45
3560070800209,Céréales cœur fondant,carrefour bio,d,breakfast-cereals,419.0,12.0,2.7,65.0,29.0,9.2,0.38,2026-03-09 09:58:50
5018357012497,simply nutty muesli,dorset cereals,a,breakfast-cereals,376.0,6.8,1.1,64.4,14.2,9.9,0.03,2026-03-27 15:45:29
3564707116169,Flocons d'Avoine,bio village,a,breakfast-cereals,372.0,7.0,1.3,59.0,0.7,14.0,0.02,2026-10-02 08:58:59
8445290728791,KitKat Cereal,societe des produits nestle s.a.,c,breakfast-cereals,420.0,10.9,2.0,69.0,24.9,7.9,0.37,2026-10-03 08:29:59
4056489526872,Muesli Crunchy chocolat noir et noisettes grillées,lidl,d,breakfast-cereals,471.0,20.4,4.3,59.5,21.4,9.0,0.62,2026-09-23 07:33:52
5059319024349,Special k,special k,c,breakfast-cereals,390.0,1.4,0.3,83.0,16.0,8.0,0.73,2026-08-01 18:35:36
3229820800738,Crousti' Avoine Nature,bjorg,a,breakfast-cereals,417.0,10.0,2.1,66.0,13.0,11.0,0.1,2026-04-19 17:07:40
5010477357335,Muesli bio noix & graines,jordans,a,breakfast-cereals,427.0,16.8,2.3,50.9,6.3,13.6,0.03,2026-03-09 10:16:54
4088600247519,Wheat bisk,harvest morn,b,breakfast-cereals,562.0,0.8,0.2,26.0,1.7,4.5,0.1,2026-10-05 19:11:53
3560071407803,Croustillant Chocolat,carrefour bio,c,breakfast-cereals,449.0,16.0,4.4,61.0,15.0,10.0,0.0,2026-05-12 13:59:19
3256220394079,Céréales Muesli croustillant aux 4 noix paquet de 500g,u,b,breakfast-cereals,469.0,20.0,2.6,57.0,13.0,11.0,0.2,2026-10-06 02:30:37
20621483,Special Flakes Bran Flakes,crownfield,b,breakfast-cereals,376.666666666667,2.0,0.5,66.2,13.2,11.1,0.63,2026-08-26 11:29:33
3560071407681,Croustillant fruits rouges,carrefour bio,c,breakfast-cereals,426.0,12.0,1.4,66.0,19.0,9.3,0.01,2026-10-03 14:26:13
3580281080108,Muesli Crunchy 2 Chocolats,maison pâtissière,d,breakfast-cereals,453.0,17.0,5.1,62.0,22.0,9.1,0.13,2026-10-02 06:11:39
8480000093578,Muesli crunchy frutos secos,mercadona,d,breakfast-cereals,458.0,18.0,2.0,63.0,22.0,8.0,0.5,2026-09-22 16:41:05
20621452,Special Flakes Red Berries,crownfield,b,breakfast-cereals,382.0,2.6,0.7,77.5,11.5,8.9,0.37,2026-04-04 09:00:40
8010265640202,Corn Flakes,kellogg italia spa,d,breakfast-cereals,378.0,0.9,0.2,84.0,8.0,7.0,1.1,2026-10-03 06:39:11
20775025,Muesli croustillant Noix et Miel,crownfield,c,breakfast-cereals,469.0,19.7,2.4,58.0,16.0,11.1,0.2,2026-09-13 08:25:24
8480000092649,Cereales rellenos de leche,mercadona,e,breakfast-cereals,447.0,14.5,6.5,67.0,37.0,10.0,0.78,2026-09-29 18:48:16
3564706604339,Grainéa granola noix,marque repère,a,breakfast-cereals,465.0,21.0,2.3,51.0,8.4,14.0,0.02,2026-09-22 09:35:55
3564707186278,Muesli croustillant tout chocolat,marque repère,c,breakfast-cereals,444.0,15.0,6.0,64.0,20.0,9.6,0.05,2026-06-09 18:22:01
5010029000504,Whole wheat cereal with added vitamins and iron. 12 Biscuits,weetabix,a,breakfast-cereals,354.0,2.0,0.51282,69.0,4.10256,12.0,0.25,2026-05-30 07:45:49
3421557501692,Muesli croustillant fruits rouges,terres et céréales,c,breakfast-cereals,437.0,13.0,3.1,67.0,20.0,9.2,0.06,2026-03-09 10:53:40
3560071267582,Corn flakes,carrefour bio,c,breakfast-cereals,384.0,1.1,0.2,85.0,2.0,7.4,0.45,2026-06-16 11:50:36
5053827156189,Kellogg's Tresor,kellogg's,e,breakfast-cereals,437.0,14.0,3.5,69.0,26.0,7.0,1.1,2026-03-18 10:02:24
5010029226188,Muesli Recipe,alpen,b,breakfast-cereals,368.888888888889,5.5,0.9,65.0,18.0,11.0,0.28,2026-07-13 18:16:48
3560071407506,Muesli fruits,carrefour bio,a,breakfast-cereals,366.0,6.9,1.0,61.0,13.0,10.0,0.02,2026-03-09 09:20:02
3494690009707,Barre Chocolat Banane,break & boost,d,breakfast-cereals,406.0,9.7,5.4,72.0,30.0,5.8,0.275,2026-03-09 10:00:11
5010477348432,Country Crisp chocolat au lait,jordans,d,breakfast-cereals,448.888888888889,15.5555555555556,4.22222222222222,66.6666666666667,24.4444444444444,8.88888888888889,0.0444444444444444,2026-03-09 10:02:35
3421557910210,Flocons d'avoine complets,terres & céréales bio,a,breakfast-cereals,371.0,7.0,1.3,60.0,1.0,12.0,0.01,2026-05-04 06:58:48
5059319031200,special k fibre,special k,c,breakfast-cereals,393.333333333333,12.0,1.0,57.0,18.0,8.1,0.64,2026-09-16 11:20:19
4056489195917,Jemné ovesné vločky,crownfield,a,breakfast-cereals,372.0,5.7,1.0,62.0,0.7,12.0,0.0,2026-08-31 08:26:43
3229820800745,Crousti' Avoine Superfruits,bjorg,b,breakfast-cereals,418.0,10.0,2.1,66.0,13.0,11.0,0.1,2026-03-09 09:33:08
3421557502774,Muesli croustillant chocolat,terres & céréales bio,c,breakfast-cereals,437.0,13.0,4.6,65.0,21.0,9.7,0.07,2026-03-09 09:24:18
4056489209980,Crunchy Muesli Multi Fruit,lidl,d,breakfast-cereals,435.0,13.9,7.0,63.5,24.1,7.9,0.245,2026-09-28 21:00:05
3111902100020,Muesli bio croustillant 3 chocolats,charles vignon,c,breakfast-cereals,474.0,20.0,5.5,59.0,18.0,10.0,0.02,2026-03-09 10:22:55
8480000094919,Muesli Frutas,mercadona,c,breakfast-cereals,364.444444444444,7.6,3.9,59.0,15.0,9.1,0.08,2026-09-22 16:41:16
3580281080115,Muesli Crunchy 4 noix,muesly,c,breakfast-cereals,458.0,18.0,1.8,61.0,18.0,10.0,0.06,2026-03-09 11:07:15
5070000126548,"GRANOLA LOW SUGAR, NATURALLY",bio&me,a,breakfast-cereals,412.0,17.9,3.7,49.7,7.9,13.2,0.06,2026-04-26 07:41:36
3256222976716,Céréales Corn flakes,u,a,breakfast-cereals,388.0,0.9,0.2,86.0,0.7,7.4,0.13,2026-08-14 12:07:49
8445291075146,NESTLE NESQUIK Céréales 675g,nesquik,c,breakfast-cereals,378.0,3.0,0.7,74.6,22.1,8.7,0.22,2026-08-27 02:20:37
3760336830678,Funky Veggie - Les PAF,funky veggie,a,breakfast-cereals,366.0,2.3,0.8,73.0,19.0,9.7,0.01,2026-08-26 15:19:00
3421557501890,Muesli croustillant 7 fruits,t&c terres & céréales bio,d,breakfast-cereals,436.0,15.0,4.4,64.0,24.0,8.4,0.0,2026-03-13 20:03:02
3421557501142,"Muesli noisettes, raisins, seigle complet, blé sans sucres ajoutés",t&c bio,a,breakfast-cereals,369.0,7.8,0.7,59.0,10.0,9.5,0.02,2026-03-09 10:50:29
4056489526889,Muesli Crunchy Fruits Rouges,crownfield,c,breakfast-cereals,453.0,17.4,2.6,61.0,18.4,9.3,0.7,2026-07-23 06:59:33
5010477350954,Country Crisp Fruits & Noix,jordans,c,breakfast-cereals,443.0,16.0,1.9,63.0,22.0,9.6,0.05,2026-03-09 10:58:38
3229820802381,Le croustillant chocolat noir & fruits rouges,bjorg,c,breakfast-cereals,434.0,14.0,3.1,62.0,14.0,10.0,0.5,2026-05-25 15:13:27
3564706739031,Grainéa,marque repère,c,breakfast-cereals,381.0,1.6,0.5,80.0,13.0,8.5,0.76,2026-08-05 06:10:16
8480000093554,Muesli Crunchy Chocolate,mercadona,d,breakfast-cereals,434.0,16.0,4.5,61.0,24.0,8.4,0.43,2026-09-22 16:46:33
3564707115926,Corn flakes,bio village,c,breakfast-cereals,384.0822179127,0.8,0.2,83.0,1.9,7.2,0.85,2026-03-09 10:49:48
3664346342681,Choco crousti,poulain,c,breakfast-cereals,430.0,14.0,2.6,61.0,16.0,11.0,0.08,2026-05-30 01:30:21
3421557502422,Crok'fondant chocolat noisettes,terres et céréales bio,d,breakfast-cereals,417.0,13.0,2.3,64.0,26.0,8.4,0.81,2026-03-09 10:58:27
7613037059281,LION BIO Céréales - Boite de 400g,nestlé,c,breakfast-cereals,409.0,7.7,1.2,73.1,25.0,7.9,0.48,2026-08-23 02:04:56
5000108478119,Quaker White Oats,quaker,a,breakfast-cereals,374.0,8.0,1.5,60.0,1.1,11.0,0.0,2026-10-06 11:26:55
5060092030977,Lizis high protein granola nuts and seeds,lizi's,d,breakfast-cereals,442.0,17.6,3.1,40.7,10.3,26.9,0.81,2026-08-16 19:36:37
3256228686589,Muesli fruits secs amandes & noisettes,u,a,breakfast-cereals,353.0,5.2,0.7,60.0,15.0,11.0,0.03,2026-08-15 23:08:28
5010029201246,Swiss Style Muesli,weetabix limited,b,breakfast-cereals,368.888888888889,5.55555555555556,0.888888888888889,64.4444444444444,18.0,11.1111111111111,0.261111111111111,2026-09-28 20:21:50
3111900350687,Muesli croustillant,favrichon,c,breakfast-cereals,456.0,18.0,2.1,58.0,17.0,11.0,0.01,2026-03-09 11:53:16
5099801003339,Organic Jumbo Oats,flahavan's,a,breakfast-cereals,370.0,5.75,0.5,65.0,1.0,11.25,0.0125,2026-08-27 15:42:59
3111900350571,Muesli croustillant - duo de chocolats,favrichon,d,breakfast-cereals,476.0,20.0,6.1,59.0,20.0,10.0,0.02,2026-07-22 07:59:52
3250392727109,Forme & nature 440g,chabrior,c,breakfast-cereals,385.2,1.6,0.4,82.0,13.0,8.3,0.77,2026-07-23 01:42:23
5059319016603,Special K Granola con Avena Dark Chocolate,kellogg europe trading ltd,c,breakfast-cereals,468.888888888889,17.0,4.0,65.0,13.0,9.3,0.01,2026-09-28 20:12:52
5010477361172,Country crisp miel & noix,jordans,c,breakfast-cereals,455.0,18.0,2.0,61.1,21.8,9.4,0.03,2026-03-09 10:21:16
5000108022152,PORRIDGE OATS,quaker,a,breakfast-cereals,375.0,8.0,1.5,60.0,1.0,11.0,0.0,2026-05-08 21:37:57
3421557921148,Muesli Croustillant Chocolat Proteines,terres & céréales bio,,breakfast-cereals,419.0,12.0,2.2,58.0,14.0,15.0,,2026-09-13 07:13:57
7613287194374,Bitesize Shredded Wheat,nestlé,a,breakfast-cereals,362.5,2.2,0.5,68.7,0.7,11.8,0.05,2026-05-04 10:27:24
20471613,wholegrain wheat bixies,crownfield,a,breakfast-cereals,362.0,2.3,0.5,67.8,3.0,12.7,0.000575,2026-09-14 13:52:25
3111900350717,Muesli simplement bienveillant,favrichon,a,breakfast-cereals,407.0,12.0,1.5,56.0,12.0,14.0,0.02,2026-03-09 09:19:31
0096619194261,Ancient Grains Probiotic Granola,kirkland signature,d,breakfast-cereals,454.545454545455,16.3636363636364,2.72727272727273,70.9090909090909,16.3636363636364,9.09090909090909,1.09090909090909,2026-08-20 12:52:50
3560071407537,Muesli de superfrutas sin azúcares añadidos,carrefour bio,a,breakfast-cereals,350.0,4.5,0.7,64.0,13.0,9.4,0.02,2026-07-08 11:02:49
5050083712296,Céréales Extra Pepites Kellogg's Choco Noisettes,kellogg's,e,breakfast-cereals,497.0,25.0,12.0,57.0,21.0,8.0,0.63,2026-03-09 09:44:00
4056489254157,Био овесени ядки,crownfield,a,breakfast-cereals,365.0,6.9,1.0,55.1,1.2,14.2,0.01,2026-08-31 08:26:26
5900020036988,Cheerios Aveia,cereal partners poland toruń-pacific sp. z o.o.,a,breakfast-cereals,383.333333333333,6.0,1.0,66.5,9.1,10.5,0.71,2026-09-28 19:27:30
3250392423360,Flocons d'avoine complète BIO 500g,chabrior,a,breakfast-cereals,,,,,,,,2026-03-09 09:28:40
3564706612785,Grainéa Muesli pépites croustillantes chocolat noir,grainéa,c,breakfast-cereals,446.666666666667,15.0,4.1,64.0,22.0,9.6,0.13,2026-07-29 10:36:30
3168930010838,Quaker Cruesli Chocolat au lait maxi format,cruesli,d,breakfast-cereals,457.0,19.0,4.8,59.0,20.0,7.7,0.51,2026-03-09 10:59:29
3168930008514,Quaker Cruesli 3 chocolats,cruesli,d,breakfast-cereals,454.0,19.0,4.3,59.0,18.0,7.6,0.53,2026-03-09 10:59:28
5010029229035,CRISPY MINIS CHOCOLATE CHIP,weetabix,b,breakfast-cereals,385.0,5.0,2.25,70.0,17.0,10.0,0.0005,2026-07-02 09:14:32
4056489167853,Muesli Crunchy 0%,lidl,a,breakfast-cereals,423.0,13.4,1.7,64.9,0.9,11.2,2.5e-05,2026-09-28 19:56:35
5018357804764,Nutty Granola,dorset cereals,b,breakfast-cereals,442.0,15.6,1.9,61.9,13.1,10.3,0.03,2026-08-21 17:01:28
3229820804231,Croustillant fibres,bjorg,b,breakfast-cereals,406.0,11.0,1.8,63.0,15.0,8.2,0.08,2026-05-21 13:05:02
5010029000061,Weetabix Original,weetabix limited,a,breakfast-cereals,362.0,2.0,0.6,69.0,4.2,12.0,0.28,2026-09-28 20:18:06
20202859,Muesli Frutos E Sementes,crownfield,d,breakfast-cereals,377.0,9.7,5.1,60.5,24.8,7.9,0.07,2026-10-04 13:46:49
3256229255654,"Céréales Muesli chocolat & amandes, 400g",u,a,breakfast-cereals,449.0,17.0,2.8,57.0,6.8,12.0,0.01,2026-10-06 02:28:35
3229820805337,CROUTILLANT,bjord,b,breakfast-cereals,451.0,15.0,4.6,59.0,4.2,11.0,0.2,2026-07-17 18:56:38
5000436857112,Malt Wheats Toasty Crunch,tesco,a,breakfast-cereals,370.0,1.75,0.5,72.0,9.25,11.0,0.26875,2026-09-04 22:37:40
3111900350342,Chocolat,favrichon,c,breakfast-cereals,469.0,19.0,4.8,62.0,17.0,9.8,0.01,2026-05-29 09:13:25
8480000093561,Muesli Crunchy Fruta,mercadona,d,breakfast-cereals,427.0,14.0,5.0,66.0,27.0,6.3,0.5,2026-09-22 16:41:10
3560071407742,Muesli 6 frutas,carrefour bio,d,breakfast-cereals,444.0,17.0,4.8,62.0,24.0,7.6,0.02,2026-03-09 09:57:00
4056489936176,High Protein Crunchy Muesli Roasted Peanuts,lidl,a,breakfast-cereals,453.0,15.7,2.5,50.3,1.3,25.1,0.1575,2026-09-19 13:53:44
7613031473113,Shredded wheat,nestlé,a,breakfast-cereals,357.0,2.2,0.5,64.9,0.7,12.3,0.05,2026-09-20 18:09:52
3229820801056,croustillant chocolat au lait,bjorg,c,breakfast-cereals,445.0,15.0,4.0,63.0,14.0,10.0,0.48,2026-03-09 09:38:48
5900020043306,Lion Caramel & Chocolate,nestlé,,breakfast-cereals,,,,,,,,2026-08-04 17:59:44
3229820805344,Croustillant nature ssa,bjorg,b,breakfast-cereals,443.0,13.0,4.6,61.0,1.5,11.0,0.20669,2026-03-09 10:09:30
3111900350793,Muesli protéiné soja & fruits,favrichon,a,breakfast-cereals,375.555555555556,5.3,0.7,36.0,13.0,40.0,0.09,2026-04-21 09:43:42
3560071016074,Corn flakes,carrefour,c,breakfast-cereals,383.0,1.2,0.2,85.0,7.2,6.9,0.8,2026-03-09 10:12:32
3760336830296,Le Granola Cacahuètes,funkie,a,breakfast-cereals,430.0,12.6666666666667,2.33333333333333,60.0,13.3333333333333,14.3333333333333,0.0666666666666667,2026-09-17 09:25:43
6111180015501,Flocons d avoine,javana,a,breakfast-cereals,378.0,7.6,1.42,59.4,1.3,13.5,0.02,2026-01-25 18:48:13
3256229256651,Céréales Muesli croustillant chocolat noir paquet 500g,u,c,breakfast-cereals,444.0,15.0,3.8,63.0,18.0,9.9,0.2,2026-10-06 02:28:18
3564706753389,Flocons d'avoine,grainéa,a,breakfast-cereals,365.0,6.8,1.3,57.0,1.1,13.0,0.01,2026-08-16 07:37:38
20621445,Special Flakes Chocolate Noir,,c,breakfast-cereals,401.0,5.9,2.9,74.3,13.7,8.5,0.45,2026-09-29 08:33:19
5053827139229,Extra chocolate y avellanas,kellogg europe trading ltd,e,breakfast-cereals,484.0,23.0,9.5,58.0,24.0,8.3,0.75,2026-09-28 20:22:22
3111900350755,Chargement…,favrichon,c,breakfast-cereals,424.44444444444,12.888889312744,1.5555555290646,66.666666666667,22.222222222222,7.5555557674831,0.02222225,2026-03-09 09:19:25
5060201621805,chocolate chunks granola protein boosted,fuel,c,breakfast-cereals,441.0,13.7,2.8,60.4,17.5,15.8,0.03,2026-10-04 21:11:48
5900617002969,Granola fruit strawberry cranberry cherry,sante,c,breakfast-cereals,452.0,14.0,1.8,69.0,19.0,9.1,0.55,2026-09-22 14:00:32
3421557921339,Krounchy proteines chocolat noir,grillon d'or,a,breakfast-cereals,415.0,12.0,2.2,58.0,14.0,14.0,0.02,2026-05-14 09:14:50
8710100126402,Quaker Cruesli Frutta Secca,pepsico nederland b.v.,b,breakfast-cereals,462.0,19.0,2.0,57.0,12.0,8.5,0.01,2026-09-28 20:41:09
3250392415068,Muesli crisp 5 Fruit,chabrior,d,breakfast-cereals,426.0,13.6,6.4,63.4,21.4,8.8,0.17,2026-09-19 14:57:39
6111266750937,Tchico xxl,,d,breakfast-cereals,427.0,13.0,0.0,70.0,27.0,6.3,1.4,2025-05-25 01:17:29
5059319025797,Special K Chocolat au Lait,kellogg's,d,breakfast-cereals,410.0,5.0,2.5,81.0,21.0,7.7,0.67,2026-03-19 17:42:50
7613031508488,NESTLE LION céréales 675g,nestlé,c,breakfast-cereals,406.0,7.4,1.1,73.2,24.5,8.1,0.4,2026-10-04 01:30:57
5010477348593,Country Crisp Chocolat Noir,jordans,d,breakfast-cereals,,,,,,,,2026-05-13 11:13:53
5057753158422,BRAN FLAKES,tesco,a,breakfast-cereals,353.333333333333,2.5,0.5,63.9,10.2,10.6,0.59,2026-09-14 14:04:17
3111900350557,muesli croustillant Framboise & chocolat,favrichon,d,breakfast-cereals,465.0,20.0,7.2,56.0,19.0,10.0,0.01,2026-03-09 09:19:21
3111900350335,Muesli Croustillant Nature,favrichon,c,breakfast-cereals,453.0,17.0,2.4,66.0,19.0,6.8,0.16,2026-04-27 08:33:28
3256228686572,Céréales Muesli croustillant fruits rouges sachet 350g,u,c,breakfast-cereals,385.0,10.0,1.3,61.0,21.0,8.8,0.15,2026-03-09 10:22:50
5053827135542,Céréales Extra Pepites Kellogg's Chocolat au lait,kellogg's,e,breakfast-cereals,484.0,22.0,10.0,62.0,25.0,7.0,0.68,2026-03-09 12:21:59
5050083542411,Céréales Trésor Kellogg's Chocolat Lait - 1kg,kellogg's,e,breakfast-cereals,441.0,14.0,4.8,69.0,29.0,7.1,0.95,2026-08-17 15:50:04
7613031370641,Lion Caramel & Chocolate,nestlé,d,breakfast-cereals,406.666666666667,7.4,1.1,73.1,24.5,8.1,0.48,2026-09-27 00:45:09
5900020043641,Nesquik,nestlé,c,breakfast-cereals,377.0,2.8,1.1,75.2,22.4,8.5,0.22,2026-08-27 16:04:46
5900020045133,Trix,cereal partners poland toruń-pacific sp. z o.o.,c,breakfast-cereals,391.0,4.3,0.7,78.9,22.4,6.4,0.06,2026-09-28 16:58:00
3421557910494,Corn flakes sans sucres ajoutés,terres et céréales bio,b,breakfast-cereals,387.0,0.9,0.1,86.0,0.5,7.0,0.01,2026-03-09 10:50:18
4056489438564,"Granola coconut, cashew and almond",crownfield,c,breakfast-cereals,426.666666666667,12.5,2.2,65.5,15.5,9.3,0.05,2026-06-02 05:18:30
0016000264694,Oats 'N Honey Granola Bars,nature valley,d,breakfast-cereals,452.380952380952,16.6666666666667,2.38095238095238,69.0476190476191,26.1904761904762,7.14285714285714,0.833333333333333,2026-09-29 17:03:08
8402001011764,Chocodays,mercadona,c,breakfast-cereals,372.0,4.8,1.6,70.0,25.0,8.0,0.27,2026-09-29 22:25:00
8402001015120,Copos tostados de trigo integral y arroz con chocolate,mercadona,c,breakfast-cereals,397.0,6.6,3.9,71.0,20.0,8.6,0.29,2026-09-30 08:36:25
4088600056135,Organic Jumbo Porridge Oats,kavanagh's,a,breakfast-cereals,359.0,6.0,1.0,60.0,0.2,11.3,0.05,2026-07-27 15:52:57
3596710443673,Flocons d'avoine,auchan retail services,a,breakfast-cereals,372.0,7.0,1.3,59.0,0.7,14.0,0.02,2026-10-05 09:44:28
8710100127300,Cruesli Chocolate,pepsico nederland b.v.,c,breakfast-cereals,455.0,19.0,4.9,57.0,16.0,8.1,0.48,2026-09-24 19:58:58
3564706612822,Muesli,leclerc,c,breakfast-cereals,439.0,14.0,3.9,65.0,24.0,9.6,0.125,2026-04-14 16:07:54
3560071407629,Croustillant 3 noix,carrefour bio,b,breakfast-cereals,455.0,17.0,1.9,63.0,17.0,9.8,0.03,2026-03-09 10:46:45
3564707179775,Muesli floconneux,bio village,a,breakfast-cereals,359.0,5.8,1.0,62.0,14.0,9.8,0.01,2026-06-20 17:48:58
3256228686534,"Céréales Pétales de blé chocolat bio, sachet 375g",u,a,breakfast-cereals,366.0,2.3,0.8,73.0,19.0,9.7,0.01,2026-07-07 03:58:53
3560071013035,Crunchy Chocolat noir intense,carrefour,c,breakfast-cereals,441.0,15.0,3.8,62.0,19.0,10.0,0.1,2026-10-04 13:28:53
5900617029300,Oatflakes,santé,a,breakfast-cereals,375.0,7.2,1.3,62.0,0.9,12.0,0.0,2026-04-24 13:12:08
3421557500848,Choco crisp chocolat,grillon d'or,c,breakfast-cereals,377.0,3.0,1.5,77.0,18.0,8.3,0.02,2026-05-16 13:02:54
5010029227062,Oreo O's,oreo,d,breakfast-cereals,382.0,2.1,0.8,81.0,27.0,7.9,0.56,2026-03-09 09:18:58
3421557701504,Flocons d'avoine SANS GLUTEN - 500g,grillon d'or,a,breakfast-cereals,375.0,7.1,1.3,61.0,0.9,12.0,0.0,2026-03-09 09:50:07
5059319026176,Special K dark chocolate,kellogg europe trading ltd,d,breakfast-cereals,423.333333333333,6.0,3.33333333333333,86.0,17.0,8.33333333333333,1.58333333333333,2026-09-28 19:51:27
4000540000108,"Haferflocken, Blütenzarte Köllnflocken",kölln,a,breakfast-cereals,361.0,6.7,1.3,56.0,1.2,14.0,0.0,2026-10-05 07:13:48
7613287152183,Shreddies,nestlé,b,breakfast-cereals,364.0,1.8,0.3,70.0,13.0,11.0,0.72,2026-06-20 10:38:28
5010029226133,Alpen Original Muesli,weetabix,c,breakfast-cereals,374.0,5.6,0.9,66.0,21.0,11.0,0.25,2026-09-03 12:22:20
4056489239956,HIGH PROTEIN Granola HONEY & SEED,lidl,d,breakfast-cereals,436.0,16.1,2.7,45.1,17.4,24.9,0.62,2026-09-16 08:44:54
5059319023885,Miel pops loops,kellogg's,c,breakfast-cereals,396.0,4.4,0.7,76.0,22.0,9.3,0.64,2026-09-15 09:38:26
5018357012534,Simply Fruity muesli,dorset cereals,c,breakfast-cereals,349.0,2.9,0.6,68.4,20.1,8.6,0.05,2026-08-27 15:13:05
0058449770565,Pumpkin Seed + Flax Granola,nature's path organic,c,breakfast-cereals,472.727272727273,18.1818181818182,2.72727272727273,67.2727272727273,18.1818181818182,10.9090909090909,0.204545454545455,2026-07-08 23:43:12
3111900350908,Soja et chocolat Protéiné,favrichon,c,breakfast-cereals,409.0,9.9,3.4,32.0,7.2,43.0,0.13,2026-06-06 22:30:05
20775018,Muesli coustillant,crownfield,d,breakfast-cereals,451.0,16.3,6.5,62.4,21.9,9.9,0.65,2026-03-09 10:55:15
5000119117342,Wheat Biscuits,tesco,a,breakfast-cereals,376.666666666667,2.0,0.6,68.0,4.4,12.0,0.3,2026-09-04 11:33:45
3111900330009,Crosti Griffs choco,favrichon,b,breakfast-cereals,385.0,4.1,2.2,81.0,17.0,10.0,0.17,2026-03-09 10:13:34
4056489159506,LOW SUGAR Granola ORIGINAL,crownfield,a,breakfast-cereals,522.222222222222,23.7777777777778,3.33333333333333,59.3333333333333,3.11111111111111,13.7777777777778,0.02,2026-02-26 12:37:35
5060853640131,Protein granola,bio&me,a,breakfast-cereals,403.0,14.1666666666667,1.66666666666667,50.0,12.3333333333333,16.0,0.1625,2026-05-06 08:12:41
3111900360150,Muesli croustillant avoine blé et riz,favrichon,b,breakfast-cereals,422.0,11.0,1.1,75.0,15.0,9.7,0.01,2026-03-20 13:27:04
3111900360167,"Croustillant Avoine, Blé & Riz",favrichon,c,breakfast-cereals,420.0,12.0,1.3,74.0,18.0,9.4,0.01,2026-03-09 11:42:38
5010029231212,Muesli,alpen,b,breakfast-cereals,368.888888888889,5.5,0.9,65.0,18.0,11.0,0.275,2026-07-02 06:10:50
3421557108150,Krounchy nature,grillon d'or,c,breakfast-cereals,439.0,13.0,1.7,68.0,20.0,9.1,0.05,2026-08-01 22:14:58
3564706604353,Granola chocolat noir amandes,marque repère,c,breakfast-cereals,464.0,21.0,4.5,52.0,14.0,13.0,0.01,2026-09-22 07:05:28
3560071015725,Fibra,carrefour,c,breakfast-cereals,356.0,6.1,3.6,62.0,20.0,8.7,0.41,2026-05-30 02:03:05
3564707179812,Muesli croustillant chocolat,bio village,c,breakfast-cereals,445.0,15.0,4.1,63.0,15.0,10.0,0.04,2026-09-15 10:38:32
5018357804849,oat granola,dorset cereals,c,breakfast-cereals,442.0,16.4,1.7,62.5,16.5,8.7,0.03,2026-06-04 07:49:17
3421557108624,Krounchy sans gluten amande,grillon d'or,c,breakfast-cereals,446.0,15.0,1.8,66.0,18.0,9.0,0.04,2026-07-21 16:53:35
3256229255623,Granola fruits rouges,u,a,breakfast-cereals,424.0,12.0,1.4,64.0,14.0,11.0,0.02,2026-10-06 02:28:31
5000127062092,Bran Flakes,kellogg's,b,breakfast-cereals,356.666666666667,2.2,0.4,65.0,14.0,11.0,0.66,2026-09-14 14:03:23
5010029202410,Weetabix,weetabix,a,breakfast-cereals,368.0,2.0,0.6,69.0,4.2,12.0,0.28,2026-06-06 08:31:47
5018357012350,Gloriously nutty muesli,dorset cereals,a,breakfast-cereals,415.0,14.3,2.0,54.4,8.4,13.2,0.03,2026-08-02 14:42:07
5059319029702,Rice Krispies,kellogg's,c,breakfast-cereals,338.591459528361,1.33333333333333,0.333333333333333,86.6666666666667,8.0,7.0,0.9825,2026-07-05 12:10:58
3560071013042,Muesly croustillant cruchy chocolat noir intense,carrefour,c,breakfast-cereals,441.0,15.0,3.8,62.0,19.0,10.0,0.1,2026-03-09 09:56:40
5060482841565,Nutty Granola,deliciously ella,c,breakfast-cereals,465.0,18.0,2.6,61.0,16.0,12.0,0.22,2026-09-16 20:25:57
3421557502576,Crok' fondant noisettes,terres & céréales bio,c,breakfast-cereals,437.0,15.0,2.2,59.0,17.0,12.0,0.12,2026-03-09 11:39:22
4056489687344,Müesli crunchy,crownfield,d,breakfast-cereals,459.0,17.5,4.9,63.4,26.9,8.7,0.33,2026-05-30 01:39:09
5059319036496,All bran fibre,kellogg's,c,breakfast-cereals,313.0,2.8,0.5,47.0,15.0,12.0,0.9,2026-10-05 09:01:28
3421557910173,Flocons 5 céréales,terres & céréales,a,breakfast-cereals,348.0,3.4,0.6,63.0,1.3,11.0,0.01,2026-03-04 13:37:26
3421557501869,Crok fondant tout choco,terres et céréales,d,breakfast-cereals,402.0,12.0,2.7,61.0,25.0,8.0,0.72,2026-03-09 10:58:24
3256223371817,Pétales de blé complet et riz nature 300g,u,c,breakfast-cereals,377.0,2.6,1.3,29.0,9.1,11.0,0.81,2026-07-07 03:46:49
5900617015945,Crunchy Nut & Almond,santé,d,breakfast-cereals,468.571428571429,23.1428571428571,4.28571428571429,51.4285714285714,22.0,12.0,0.000142857142857143,2026-09-23 04:55:04
3572420000481,Croc choc,lucien georgelin,e,breakfast-cereals,446.0,15.0,5.7,66.0,35.0,7.9,0.44,2026-03-09 10:58:30
3250392415099,Muesli crisp chocolat noir,chabrior,c,breakfast-cereals,410.0,17.2,5.0,63.2,17.3,9.3,0.27,2026-09-16 11:45:07
3250390751342,Forme & Fruits rouges,chabrior,c,breakfast-cereals,384.1,1.5,0.4,82.0,16.0,8.1,0.66,2026-09-07 18:11:57
3564706604346,Granula baies de goji,marque repère,a,breakfast-cereals,440.0,15.0,1.9,58.0,13.0,13.0,0.03,2026-09-22 07:11:30
0884912004710,grape-nuts cereal,post,c,breakfast-cereals,344.827586206897,2.59,0.0,79.31,8.62,10.34,1.1638,2026-05-23 13:00:07
6111032007685,Yaourt cereal,danone,e,breakfast-cereals,95.0,3.0,2.0,14.7,9.0,2.3,0.0,2026-06-01 08:39:42
5430000992336,Bamboo crunchy chocolate,bamboo,b,breakfast-cereals,454.0,22.0,3.7,48.0,9.8,12.0,0.2,2026-03-09 10:07:13
20202866,premium müsli,,c,breakfast-cereals,382.0,7.1,2.3,66.7,25.1,8.5,0.07,2026-09-29 08:39:56
3421557111044,Corn flakes nature,grillon d'or,b,breakfast-cereals,387.0,0.9,0.1,86.0,0.5,7.0,0.01,2026-05-30 00:34:47
5010477358790,Country crisp Framboises entières,jordans,c,breakfast-cereals,433.0,13.2,1.8,66.3,20.0,9.2,0.03,2026-03-09 10:59:20
3387390331523,NESTLE CHEERIOS Céréales 375g,cheerios,c,breakfast-cereals,377.0,3.7,0.7,72.5,22.2,8.9,0.63,2026-08-30 01:33:29
3760336830685,Funky Veggie - Les POP,funky veggie,c,breakfast-cereals,383.0,1.5,0.8,83.0,19.0,7.8,0.01,2026-03-09 09:46:40
5053827199469,Céréales Trésor Kellogg's Chocolat Noisettes,kellogg's,e,breakfast-cereals,456.0,16.0,4.5,69.0,26.0,7.1,0.94,2026-04-19 08:29:11
3421557502453,Muesli croustillant avoine myrtilles chia,terres et céréales,c,breakfast-cereals,443.0,15.0,1.7,65.0,22.0,8.0,0.04,2026-03-09 09:45:21
5010477353115,Crunchy Oat Granola Raisin & Almond,jordans,c,breakfast-cereals,417.777777777778,12.0,1.5,64.0,21.0,11.0,0.03,2026-09-14 12:16:12
3560071013110,Stylesse Fruits rouges,carrefour,c,breakfast-cereals,376.0,1.6,0.3,79.0,15.0,8.7,0.76,2026-10-06 07:21:29
3175681297111,MATIN multicereales sin azucar,gerblé,a,breakfast-cereals,362.0,3.8,0.7,70.0,1.3,8.2,0.8,2026-03-09 10:39:22
8445291301948,Multigrain Cheerios,nestlé,c,breakfast-cereals,376.666666666667,4.66666666666667,1.0,69.6666666666667,17.6666666666667,10.0,0.783333333333333,2026-09-30 18:25:53
5010477347312,Simply Granola with a hint of honey,jordans,c,breakfast-cereals,417.777777777778,11.0,1.5,66.0,17.0,11.0,0.03,2026-05-19 12:45:36
20353889,Raisin-nuts Müsli,crownfield,a,breakfast-cereals,375.0,10.6,2.7,53.6,11.2,10.8,0.07,2026-06-28 04:56:43
3256220394086,Céréales Muesli croustillant aux fruits rouges doypack de 500g,u,c,breakfast-cereals,436.0,14.0,2.6,63.0,18.0,8.9,0.15,2026-10-06 02:30:33
20884291,Muesli Croccante,crownfield,d,breakfast-cereals,,,,,,,,2026-08-28 06:34:37
3560071013011,Crunchy 3 chocolates,carrefour sensation,c,breakfast-cereals,452.0,16.0,4.2,63.0,21.0,10.0,0.13,2026-05-31 12:58:40
3421557500909,Chocolune,grillon d'or,c,breakfast-cereals,374.0,3.6,1.8,72.0,20.0,9.3,0.4,2026-05-16 12:57:59
3250392945923,Corn flakes BIO,brüggen,c,breakfast-cereals,382.0,1.0,0.2,84.8,5.2,6.9,0.83,2026-09-11 16:38:51
3111900350915,Muesli croustillant Amande vanille,favrichon,d,breakfast-cereals,455.0,17.0,1.7,63.0,16.0,9.2,1.0,2026-06-22 08:17:26
3111902100105,Muesli bio céréales toastées 5 noix,charles vignon,a,breakfast-cereals,433.0,17.0,4.8,50.0,1.6,13.0,0.01,2026-03-09 11:55:14
7613035619456,Granola Miele,nestlé,d,breakfast-cereals,428.0,13.2,1.7,65.0,17.9,8.7,0.2175,2026-07-23 07:12:32
3560071407599,Muesli avoine chocolat,carrefour france,a,breakfast-cereals,376.0,7.9,2.8,61.0,8.0,11.0,0.03,2026-09-29 15:40:08
3596710494118,Flocons d'Avoine,auchan,a,breakfast-cereals,369.0,6.9,1.2,59.0,1.0,12.0,0.01,2026-08-27 17:15:41
3564707090773,Muesli floconneux fruits secs Raisins figues abricots graines,bio village,a,breakfast-cereals,382.0,9.0,1.4,61.0,11.0,10.0,0.01,2026-09-07 15:09:21
3421557502002,Muesli croustillant tradition,terres et céréales bio,c,breakfast-cereals,440.0,13.0,1.7,68.0,20.0,9.1,0.05,2026-03-09 10:27:48
3250392403904,Corn Flakes,chabrior,c,breakfast-cereals,384.7,1.1,0.2,84.0,7.6,8.0,0.9,2026-08-03 07:35:22
7613287514271,NESTLE FITNESS Chocolat Noir Céréales 450g,nestlé,c,breakfast-cereals,395.0,7.5,4.1,68.1,15.1,9.0,0.45,2026-08-27 02:16:51
8410376042894,gullon heart of cereals,gullon,d,breakfast-cereals,454.545454545455,17.0,3.8,62.0,25.0,7.0,0.4225,2026-07-19 06:47:51
3560071090821,Choco Bollz,carrefour france,c,breakfast-cereals,380.0,2.4,1.0,77.0,22.0,8.7,0.42,2026-09-29 15:43:57
3387390326468,Chocolate con Leche,cereal partners france,c,breakfast-cereals,396.0,7.2,4.0,69.5,17.5,8.6,0.49,2026-09-29 15:51:22
5053827156219,Trésor Chocolat au lait,kellogg&#039;s,e,breakfast-cereals,441.0,14.0,4.0,70.0,28.0,7.2,0.95,2026-08-30 06:00:14
3572420000405,Céréales croc'choc,lucien georgelin,d,breakfast-cereals,442.0,14.4,1.27,67.0,31.8,8.6,0.324,2026-08-29 09:19:47
5059319029016,SPECIAL K The Original,kellogg's,c,breakfast-cereals,393.333333333333,1.3,0.3,84.0,15.0,8.0,0.825,2026-09-14 14:04:23
2006050036134,Muesli Noix,simplement bon et bio,,breakfast-cereals,438.0,15.0,,61.0,17.0,10.0,0.3925,2026-03-09 10:24:53
3564707186230,Muesli croustillant Chocolat & Quinoa,bio village,,breakfast-cereals,437.0,13.0,5.6,66.0,22.0,9.4,,2026-08-26 07:54:31
5010477363497,JORDANS Honey baked,jordans,c,breakfast-cereals,418.0,10.9,1.5,65.9,17.3,10.9,0.03,2026-10-02 13:57:30
5010477356239,Muesli bio chocolat noir,jordans bio,b,breakfast-cereals,397.777777777778,11.0,3.1,61.0,9.0,9.1,0.03,2026-04-20 07:52:43
5400101041424,GRANOLA CRUNCHY,sensation,c,breakfast-cereals,436.0,14.0,3.0,65.0,18.0,9.2,0.28,2026-05-17 07:46:27
5018357012411,Simply Delicious Muesli,dorset cereals,b,breakfast-cereals,368.0,7.3,1.1,70.5,14.7,9.6,0.03,2026-09-12 07:51:53
3387390339499,FITNESS Cerealien,nestlé,a,breakfast-cereals,366.0,2.1,0.6,72.2,8.8,9.4,0.56,2026-08-28 14:12:07
8690632706672,Gold corn flakes miel,,d,breakfast-cereals,378.0,1.6,0.3,83.0,29.9,5.6,0.84,2026-02-24 11:57:58
3560071013196,Stylesse Nature,carrefour,c,breakfast-cereals,379.0,1.5,0.2,80.0,13.0,8.7,0.79,2026-10-04 07:30:18
3560070519309,Muesli 5 céréales nature,carrefour bio,a,breakfast-cereals,347.0,3.3,0.6,64.0,1.0,9.7,0.01,2026-09-05 18:11:50
5000436616443,Corn Flakes,tesco,c,breakfast-cereals,383.333333333333,1.2,0.3,83.9,5.5,7.7,0.59,2026-06-07 13:13:11
3387390331974,Fitness Original,nestlé,a,breakfast-cereals,366.66667,2.1,0.6,72.2,8.8,9.4,0.56,2026-09-28 11:34:57
5010477364654,Added Sugar Granola Triple Nut,jordans,b,breakfast-cereals,440.0,20.0,3.7,47.0,9.5,9.0,0.03,2026-06-05 05:55:45
4056489413455,Rolled Oat Flakes,crownfield,a,breakfast-cereals,364.0,5.7,1.0,62.0,1.0,12.0,0.0,2026-08-31 08:27:00
3256228686596,Céréales Muesli canneberges baies de goji dattes abricots 375g,u,a,breakfast-cereals,348.0,5.5,0.9,58.0,13.0,11.0,0.05,2026-07-07 03:58:18
3229820802398,Le Croustillant Chocolat noir & Noisettes,bjorg,c,breakfast-cereals,445.0,17.0,4.1,59.0,16.0,10.0,0.01,2026-08-19 09:41:10
5059319023410,Choco Krispies,kellogg europe trading ltd,c,breakfast-cereals,391.01338,1.9,0.9,84.0,17.0,6.3,0.64,2026-09-28 19:52:40
3229820804255,gros flocons d\'avoine,bjorg,a,breakfast-cereals,375.0,7.0,1.3,59.0,1.1,14.0,0.02,2026-08-09 08:12:47
8480000093776,Cereales de chocolate y avellana,mercadona,d,breakfast-cereals,442.0,15.0,2.6,67.0,29.0,6.7,0.7875,2026-09-30 09:01:26
4088600169934,Muesli Swiss Style,harvest morn,a,breakfast-cereals,362.222222222222,4.88888888888889,0.888888888888889,64.6666666666667,12.4444444444444,11.3333333333333,0.0222222222222222,2026-03-27 14:23:19
7613035544482,"NESTLE LION Céréales 1,05 kg",nestlé,c,breakfast-cereals,406.0,7.4,1.1,73.2,24.5,8.1,0.4,2026-09-28 05:56:26
3421557108099,Muesli Fruits,grillon d'or,a,breakfast-cereals,354.0,5.4,1.2,61.0,15.0,9.7,0.01,2026-06-06 22:37:22
5900617037190,Granocal Chocolate Zero,sante fit,c,breakfast-cereals,419.0,15.4,1.9,58.0,14.0,9.2,0.41,2026-06-11 08:59:29
5000108022176,PORAGE OATS ORIGINAL TRADITIONAL SMOOTH CUT,scott's,b,breakfast-cereals,,,,,,,,2026-04-30 05:55:00
20060831,Premium Fruit & Nut Muesli,lidl,c,breakfast-cereals,394.0,11.6,4.6,60.4,24.6,8.8,0.04,2026-06-24 05:55:16
3560071267032,Pétales au chocolat blé complet,carrefour france,c,breakfast-cereals,379.0,3.4,1.6,74.0,25.0,9.3,0.22,2026-09-29 16:19:08
5053827199636,Tresor,kellogg's,e,breakfast-cereals,440.0,14.0,4.0,70.0,28.0,7.2,0.95,2026-03-09 10:15:24
4088600247458,Wheaties Original,harvest morn,a,breakfast-cereals,345.363288718929,1.8,0.2,70.0,10.9,11.7,0.27,2026-06-03 19:50:39
3250391635283,Muesli floconneux morceaux de fruits,antartic ii,b,breakfast-cereals,378.0,8.4,3.1,61.2,12.9,9.9,0.08,2026-03-02 12:59:24
3421557500763,Riz complet soufflé,grillon d'or,b,breakfast-cereals,376.0,2.6,0.6,79.0,0.6,8.1,0.03,2026-03-20 13:17:29
5013803001070,"low sugar granola whole grain oats, almonds & seeds",eat natural,d,breakfast-cereals,496.0,31.4,9.2,33.0,4.4,13.7,0.05,2026-04-16 06:21:45
3421557501524,Flocons d'avoine sans gluten,terres et cereales,a,breakfast-cereals,364.0,6.7,1.4,59.0,1.2,12.0,0.01,2026-07-07 18:51:24
8480000093332,Minis leche,mercadona,e,breakfast-cereals,439.0,13.0,5.9,69.0,35.0,9.9,0.82,2026-10-05 14:03:20
4335619092648,Flocons d'avoine,crownfield,a,breakfast-cereals,371.0,6.7,1.3,59.5,0.8,13.2,0.01,2026-08-31 12:24:50
3159470204412,Special K Chocolat Noir Pure Chocolate,special k,d,breakfast-cereals,397.0,9.2,4.7,67.0,28.0,6.8,0.6,2026-08-01 21:13:16
5059319025841,Special K Classic,kellogg europe trading ltd,c,breakfast-cereals,392.0,1.3,0.3,84.0,15.0,8.0,0.84,2026-09-22 16:55:10
5059319021157,Special K Classic,special k,c,breakfast-cereals,393.333333333333,1.3,0.3,84.0,15.0,8.0,0.84,2026-09-14 16:07:01
5900020043504,NESTLE FITNESS Honey Flavour Fiber Cerealien,cereal partners poland toruń-pacific sp. z o.o.,a,breakfast-cereals,350.0,4.0,1.0,63.4,1.5,10.1,0.63,2026-09-29 14:49:07
3596710494132,Muesli croustillant quinoa chocolat,auchan,d,breakfast-cereals,437.0,13.0,5.3,66.0,22.0,9.4,0.06,2026-09-04 01:42:25
2006050133741,Flocons d'avoine,aldi,a,breakfast-cereals,375.0,7.0,1.3,59.0,0.7,14.0,0.02,2026-03-09 09:33:59
3560070754588,Pétales de blé complet et riz,carrefour bio,c,breakfast-cereals,372.0,1.5,0.2,78.0,16.0,8.4,1.0,2026-03-09 09:56:35
8410100026312,Chocapic,nestlé españa s.a.,c,breakfast-cereals,383.333333333333,4.8,2.0,73.6,22.4,8.8,0.22,2026-09-30 09:04:12
0016000275263,Cheerios,general mills,c,breakfast-cereals,358.974358974359,6.41025641025641,1.28205128205128,74.3589743589744,5.12820512820513,12.8205128205128,1.21794871794872,2026-08-26 19:45:58
3111900350694,Céréales croustillantes Chocolat & châtaigne,favrichon,d,breakfast-cereals,458.0,14.0,2.9,75.0,23.0,5.8,0.01,2026-03-09 10:43:28
6111250474894,Flocons d’avoine,,a,breakfast-cereals,372.0,7.0,1.3,58.7,1.3,13.2,0.325,2024-11-28 19:39:08
3560071417208,Croustillant avoine chocolat,carrefour bio,c,breakfast-cereals,450.0,18.0,5.4,56.0,15.0,11.0,0.04,2026-07-01 10:01:17
5010029208610,Weetabix Oatiflakes,weetabix limited,b,breakfast-cereals,405.0,8.6,1.4,67.0,14.0,11.0,0.258333333333333,2026-09-29 14:00:52
20003234,Muesli integrale alla frutta,crownfield,a,breakfast-cereals,346.0,5.7,1.8,60.8,20.0,9.1,0.06,2026-08-15 06:25:10
3256224124887,Céréales Muesli croustillant au chocolat au lait,u,c,breakfast-cereals,442.0,15.0,3.7,63.0,20.0,10.0,0.23,2026-10-06 02:29:16
3580281080122,Muesli crunchy,muesli crunchy,e,breakfast-cereals,441.0,15.0,4.8,65.0,24.0,8.4,8.4,2026-04-25 20:29:22
4088600326252,Bran Flakes,aldi,a,breakfast-cereals,359.0,2.5,0.5,64.0,11.0,12.0,0.28,2026-09-06 06:59:24
3256220450140,Muesli croustillant 3 chocolats,u,c,breakfast-cereals,440.0,15.0,3.8,62.0,20.0,10.0,0.13,2026-10-06 02:31:48
5000119117359,Wheat Biscuits,tesco,a,breakfast-cereals,357.894736842105,2.10526315789474,0.526315789473684,68.9473684210526,4.47368421052632,11.0526315789474,0.256578947368421,2026-06-21 07:45:44
7613035619425,Chocolate Granola,nestlé,c,breakfast-cereals,435.0,14.8,2.9,62.7,17.7,9.0,0.1875,2026-08-18 09:48:45
3256224060697,Céréales Muesli croustillant aux fruits secs paquet 500g,u,c,breakfast-cereals,435.0,14.0,5.0,65.0,23.0,8.5,0.18,2026-10-06 02:31:09
3421557500985,Ka'ré chocolat noisette,grillon d'or,d,breakfast-cereals,423.0,13.0,2.4,65.0,28.0,8.4,0.63,2026-03-09 10:39:42
3560071013059,Crunchy Chocolat au lait & Noisettes,carrefour,c,breakfast-cereals,448.0,16.0,3.6,62.0,19.0,10.0,0.13,2026-05-23 10:20:44
5060139434362,Cocoa Alpha Bites,bear,b,breakfast-cereals,377.0,2.8,0.7,75.0,15.0,9.5,0.13,2026-09-02 20:47:07
5010029000092,Weetabix,weetabix,a,breakfast-cereals,392.0,2.0,0.6,69.0,4.4,12.0,0.275,2026-08-20 15:13:50
4056489239901,High Protein Granola Cranberry & Almond,crownfield,d,breakfast-cereals,434.990439770554,16.3,2.7,44.1,18.3,24.9,0.48,2026-05-05 20:12:33
3421557920820,KARÉ NOISETTE,grillon d'or,c,breakfast-cereals,437.0,15.0,2.2,59.0,17.0,12.0,0.12,2026-05-05 14:39:12
5060088700822,TREK PROTEIN AVOINE - Biscoff (3x1p),trek,d,breakfast-cereals,468.0,24.0,7.9,43.0,23.0,18.0,0.73,2026-09-26 08:01:16
6111250477703,Muesli aux fruits,kelly's,c,breakfast-cereals,366.0,6.8,3.7,62.4,16.3,9.5,0.02,2025-11-12 17:59:10
8414472103909,Mix cereales 0% azúcares añadidos,esgir s.l.,a,breakfast-cereals,374.0,3.57,0.63,70.9,1.79,11.02,0.336,2026-09-30 08:57:24
5900617002099,Sante Tropical Muesli Whole Grain Oat 350G,santé,c,breakfast-cereals,356.0,2.7,0.4,71.0,15.0,8.2,0.18,2026-09-11 14:49:47
0016000170032,Cheerios,general mills,c,breakfast-cereals,358.974358974359,6.41025641025641,1.28205128205128,74.3589743589744,5.12820512820513,12.8205128205128,1.21794871794872,2026-09-30 17:47:29
3421557921155,Muesli Croustillant Noisettes,terres et céréales bio,a,breakfast-cereals,422.0,12.0,1.4,59.0,16.0,14.0,0.05,2026-03-09 11:26:45
4056489936183,High Protein Crunchy Musli,lidl,d,breakfast-cereals,442.0,14.0,3.2,47.5,14.1,29.2,0.225,2026-10-04 21:33:19
5000127142190,All-Bran Original,kellogg's,c,breakfast-cereals,333.5,3.5,0.7,48.0,18.0,14.0,0.95,2026-03-27 16:30:01
5099801003315,Organic Porridge Oats,flahavan's,a,breakfast-cereals,370.0,5.75,1.0,65.0,1.0,11.25,0.125,2026-07-28 08:59:02
8710100426588,Flocons d'avoine - Source de fibres,quaker,a,breakfast-cereals,375.0,8.0,1.5,60.0,1.1,11.0,0.01,2026-09-14 14:19:23
3760094310085,Granola amande & miel,aline & olivier,b,breakfast-cereals,447.5,26.0,2.5,44.0,13.0,12.0,0.16,2026-04-07 08:13:57
20511371,bitesize wheat shreds,crownfield,a,breakfast-cereals,367.0,2.2,0.5,68.0,0.7,12.5,0.04,2026-03-09 10:27:29
0058449770206,Heritage Flakes,nature's path organic,c,breakfast-cereals,400.0,3.75,0.0,77.5,12.5,12.5,1.0625,2026-05-26 13:32:07
3350033776432,Chocolat noir et amandes caramélisées Monoprix Bio,monoprix,c,breakfast-cereals,455.0,19.0,3.1,60.0,13.0,11.0,0.06,2026-03-09 11:28:47
8414472104333,Mix choco con cereales integrales,esgir s.l.,a,breakfast-cereals,383.0,3.8,0.2,76.0,1.3,9.3,0.084,2026-09-30 08:57:03
3111900350878,Surperfruits,favrichon,c,breakfast-cereals,432.0,13.0,1.3,67.0,21.0,8.4,0.01,2026-09-19 07:12:46
3421557921322,muesli croustillant protéine,grillon d'or,a,breakfast-cereals,422.0,12.0,1.3999999761581,59.0,16.0,14.0,0.05,2026-09-11 13:06:49
5059319033501,Cornflakes,kellogg's,d,breakfast-cereals,378.0,0.9,0.2,84.0,8.0,7.0,1.0825,2026-09-08 20:01:24
3229820804248,"Muesli Énergie (cacao, banane, guarana)",bjorg,a,breakfast-cereals,362.0,4.8,1.3,65.0,4.5,11.0,0.06,2026-03-09 09:40:05
20621377,Choco Shells,crownfield,c,breakfast-cereals,377.0,2.7,1.1,74.4,22.4,9.6,0.29,2026-03-09 09:52:36
5052003786561,Tesco No Added Sugar or Salt Swiss Style Muesli,tesco,a,breakfast-cereals,362.0,4.2,0.8,66.3,13.3,10.5,0.03,2026-03-09 11:03:48
3421557110092,Krounchy chataigne,grillon d'or,c,breakfast-cereals,466.0,18.0,1.9,64.0,21.0,8.9,0.04,2026-03-09 10:03:16
7613036076036,NESTLE LION WILD Céréales 600g,nestlé,d,breakfast-cereals,433.0,15.5,2.1,65.8,24.9,5.0,0.85,2026-08-27 02:17:28
3560071267063,Céréales chocolat cœur aux noisettes,carrefour bio,d,breakfast-cereals,426.0,15.0,2.7,59.0,28.0,9.4,0.33,2026-08-07 07:36:30
4056489627159,Barres de céréales chocolat noir,crownfield,d,breakfast-cereals,412.0,12.8,5.8,65.0,23.2,6.6,0.19,2026-05-31 16:47:39
4056489825623,Scottish Porridge Oats,crownfield,a,breakfast-cereals,386.0,8.5,1.5,70.1,0.8,10.5,7.5e-05,2026-08-06 15:10:26
8906010500214,Balaji Wafers Sev Murmura,balaji wafers,e,breakfast-cereals,507.0,23.4,11.0,60.6,0.0,10.9,2.02,2026-03-31 17:38:21
7613036669498,CHEERIOS BIO Céréale 375g,cheerios,c,breakfast-cereals,388.0,6.6,0.9,68.2,18.0,9.1,0.65,2026-08-27 16:48:42
26018690,Flocons d'Avoines,golden bridge,a,breakfast-cereals,375.0,7.0,1.0,59.0,0.7,14.0,0.02,2026-03-09 10:01:28
20719326,Raisin and Almond Granola,crownfield,c,breakfast-cereals,191.0,6.1,0.6,28.4,8.7,4.3,0.01,2026-09-14 15:16:26
7613031575961,NESTLE COOKIE CRISP Céréales 625g,nestlé,c,breakfast-cereals,393.0,5.2,0.9,78.0,22.4,6.7,0.66,2026-09-19 01:50:23
4056489825586,Swiss style museli,brownfield,a,breakfast-cereals,366.666666666667,5.33333333333333,0.888888888888889,66.2222222222222,14.0,10.2222222222222,0.0222222222222222,2026-04-22 10:14:06
0819562022791,nut granola blueberry cinnamon sweet & crunchy,snacks generation llc,a,breakfast-cereals,533.33333,50.0,5.0,30.0,6.66667,13.33333,0.20833,2026-06-20 11:29:50
3229820805245,Les bouchées cacahuètes pépites de chocolat,bjorg,d,breakfast-cereals,437.0,16.0,4.7,59.0,30.0,11.0,0.22,2026-08-20 12:59:05
3596710446605,Muesli CroustillantNoix,auchan retail services,c,breakfast-cereals,453.0,17.0,1.9,64.0,18.0,9.7,0.03,2026-09-29 16:09:48
5000108280941,Original,quaker oats so simple,a,breakfast-cereals,370.0,7.7,1.3,59.0,1.0,11.0,0.0,2026-05-29 10:10:51
3760094310092,Mon granola bio chocolat,a&o,c,breakfast-cereals,436.0,18.0,3.7,52.0,11.0,11.0,0.02,2026-06-05 07:28:57
3111900330047,Oz Miel,favrichon,c,breakfast-cereals,381.0,1.8,0.5,82.0,20.0,6.6,0.3,2026-03-09 10:13:46
20425609,Multigrain Hoops,crownfield,c,breakfast-cereals,376.0,2.7,0.4,74.6,17.1,9.4,0.7,2026-03-31 16:57:45
3564706633988,Grainéa Muesli 5 Fruits,marque repère,d,breakfast-cereals,437.0,14.0,6.9,67.0,25.0,7.5,0.13,2026-09-16 08:28:49
8437019616489,Aros avena crujientes,harinas de castilla la mancha s.l.,a,breakfast-cereals,390.0,6.33333333333333,1.33333333333333,66.6666666666667,4.0,13.6666666666667,0.01,2026-09-30 09:00:15
5010477367099,Pop & crisp chocolat,jordans,c,breakfast-cereals,414.0,11.0,1.6,64.0,20.0,8.5,0.01,2026-09-29 10:05:02
3168930009801,Quaker Muesli Croustillant Myrtilles & baies de goji,muesli croustillant,b,breakfast-cereals,402.0,7.9,1.2,65.0,14.0,11.0,0.26,2026-03-09 10:50:31
5010029207880,Oatibix For A Healthy Heart,weetabix,a,breakfast-cereals,381.333333333333,8.0,1.3,63.0,4.8,12.0,0.23,2026-09-27 06:57:00
3421557910067,Flakes d'épeautre,terres et cereales,a,breakfast-cereals,376.0,2.6,0.3,67.0,2.9,15.0,0.09,2026-03-09 10:46:25
3560071013127,Stylesse Chocolat Noir,carrefour,d,breakfast-cereals,397.0,5.3,2.6,76.0,18.0,8.3,0.69,2026-09-01 16:47:16
5054402006486,Rice Snaps,tesco,c,breakfast-cereals,390.774378585086,1.3,0.4,84.8,4.9,7.9,0.4925,2026-05-26 10:12:53
5053827140126,Extra original,kellogg europe trading ltd,d,breakfast-cereals,480.0,22.0,8.1,59.0,19.0,8.0,0.85,2026-09-29 14:24:13
3421557920264,Mops chocolat,grillon d'or,c,breakfast-cereals,364.0,2.0,1.2,78.0,20.0,6.5,0.02,2026-05-16 12:50:26
8719327097649,Granola protein crunch noisettes amande,holie&amp;amp;#039;s,a,breakfast-cereals,442.638623326959,24.0,2.9,30.0,2.0,20.0,0.0,2026-09-23 05:31:13
3256229401167,Céréales Pétales de riz & blé orge 500g,u,c,breakfast-cereals,390.0,2.0,0.5,82.0,15.0,8.3,0.88,2026-10-06 02:20:40
4047247752848,Spécial Flakes,golden bridge,b,breakfast-cereals,370.0,2.2,0.4,76.0,12.0,8.7,0.5,2026-06-04 06:02:35
5059319035987,High Protein cocoa hazelnut,special k,a,breakfast-cereals,379.0,2.6,0.9,64.0,13.0,21.0,0.26,2026-09-03 10:24:08
5900020006226,NESTLE CHOKELLA Céréales - Boite de 350g,nestlé,d,breakfast-cereals,415.0,9.3,1.1,73.2,25.3,6.8,0.67,2026-08-29 01:43:42
5010029221091,PROTEIN Crunch,weetabix limited,c,breakfast-cereals,377.0,2.8,0.7,64.0,22.0,20.0,0.28,2026-09-22 16:53:37
3350031937781,Muesli croustillant nature,monoprix,c,breakfast-cereals,436.0,12.0,1.4,69.0,19.0,9.4,0.03,2026-03-09 09:32:13
3564706612815,Muesli fraises,marque repère,c,breakfast-cereals,425.0,12.0,1.9,65.0,19.0,10.0,0.15,2026-06-23 11:41:56
6111180015495,Flocons d’avoine,javana,a,breakfast-cereals,378.0,7.6,1.42,59.4,1.39,13.5,0.02,2026-05-11 22:43:19
4067796000306,Schoko Crunchy,dmbio,c,breakfast-cereals,415.0,15.0,3.1,58.0,18.0,9.3,0.2,2026-09-03 06:56:22
3229820792965,Porridge figue framboise,bjorg,a,breakfast-cereals,363.0,6.5,1.2,58.0,5.4,13.0,0.02,2026-08-13 12:38:12
8480000095473,Cereales rellenos de crema de cacao y avellana sin gluten,mercadona,d,breakfast-cereals,461.0,17.3,2.8,69.0,24.4,6.0,0.49,2026-09-30 09:36:59
3421557110214,Krounchy too chocolat,grillon d'or,c,breakfast-cereals,437.0,13.0,4.6,65.0,21.0,9.7,0.07,2026-05-19 11:51:33
3580281080160,Flocons d'avoine bio,agidra,a,breakfast-cereals,375.0,7.0,1.3,59.0,0.7,14.0,0.02,2026-03-09 12:28:27
9300652010794,Weet-Bix,sanitarium,a,breakfast-cereals,353.438785561156,1.3,0.3,65.9,3.0,12.4,0.675,2026-06-27 08:00:51
5055958705342,Cherry Bakewell Oat Boosts,graze,c,breakfast-cereals,436.666666666667,22.3333333333333,3.66666666666667,46.6666666666667,12.6666666666667,6.33333333333333,0.2,2026-05-30 07:45:53
8445290345608,Multigrain Cheerios,nestlé,c,breakfast-cereals,380.0,5.0,1.0,71.0,17.666666666667,9.3333333333333,0.83333325,2026-04-22 12:30:20
5900617002617,Sante Crunchy Crispy Muesli Banana With Chocolate 350G,santé,d,breakfast-cereals,423.0,15.0,6.4,67.0,26.0,7.7,0.32,2026-09-11 15:09:50
3256228686565,Céréales Muesli croustillant fruits secs et graines de courge - 500g,u,c,breakfast-cereals,386.0,10.0,1.2,62.0,27.0,8.4,0.13,2026-09-27 15:31:49
8445290549754,Babicao,nestlé,c,breakfast-cereals,385.0,2.3,0.8,77.4,30.3,10.5,0.1,2026-03-06 04:50:37
3560071269784,Flakes épeautre,carrefour bio,a,breakfast-cereals,375.0,2.9,0.4,68.0,1.2,14.0,0.02,2026-06-03 02:41:24
3229820803913,Muesli Protéines Légumineuses,bjorg,a,breakfast-cereals,373.0,7.2,1.6,58.0,9.0,14.0,0.09,2026-08-07 07:07:24
3596710494248,Corn flakes bio,auchan,b,breakfast-cereals,387.0,0.9,0.2,86.0,0.5,7.0,0.01,2026-08-27 17:16:08
7613031915095,NESTLE MIX Céréales 190g,nestlé,c,breakfast-cereals,393.0,5.2,0.9,78.0,22.4,6.7,0.66,2026-09-04 09:19:57
3421557501579,Pétales o' choc,bonneterre,c,breakfast-cereals,374.0,3.6,1.8,72.0,20.0,9.3,0.4,2026-03-09 11:05:22
20071943,Früchte Hafer-Müsli,crownfield,c,breakfast-cereals,341.0,4.0,1.7,63.8,24.7,8.2,0.01,2026-04-03 11:17:44
3329483601205,Flocons d'avoine petits,markal,a,breakfast-cereals,364.0,6.9,0.6,56.0,1.2,14.0,0.0,2026-03-09 09:21:50
5053827193368,Bran Flakes,kellogg's,b,breakfast-cereals,356.666666666667,2.33333333333333,0.333333333333333,66.6666666666667,14.0,11.0,0.658333333333333,2026-03-09 09:35:35
8002590048402,"DolcesenzaFrumento, Avena e Riso",misura,a,breakfast-cereals,366.666666666667,3.2,0.7,73.0,2.5,12.0,0.9,2026-03-11 07:45:45
3564707108737,Cereales fourrées tout chocolat,bio village,c,breakfast-cereals,443.0,15.0,2.0,66.0,24.0,8.3,0.32,2026-08-29 21:46:54
4056489526865,Muesli Crunchy Chocolat au lait,crownfield,d,breakfast-cereals,471.0,20.1,5.2,60.5,22.6,8.9,0.65,2026-09-06 17:03:53
8720256082361,HOLIE'S Crunchy Muesli Chocolate,holie's,a,breakfast-cereals,406.0,13.0,2.9,51.0,2.1,11.0,0.01,2026-08-01 16:54:45
3564706738744,Muesli - Pépites croustillantes au chocolat noir et noisettes grillées,grainéa,c,breakfast-cereals,449.0,16.0,3.7,62.0,20.0,10.0,0.13,2026-03-09 10:18:47
8901499008169,Chocos,kellogg's,d,breakfast-cereals,373.0,3.0,1.2,81.0,27.5,9.0,0.625,2026-07-29 14:49:01
6111250477710,Granola au chocolat,kelly's,d,breakfast-cereals,455.0,17.4,4.6,61.2,20.9,9.7,0.54,2026-03-17 14:42:35
0884912005502,Grape-Nuts,post,b,breakfast-cereals,362.0,1.8,0.3,68.0,8.9,11.2,1.0,2026-03-09 10:38:38
4088600202433,Multi-Grain Hoops,aldi,a,breakfast-cereals,370.0,3.33333333333333,0.666666666666667,68.6666666666667,14.0,10.6666666666667,0.558333333333333,2026-03-27 16:37:25
3256220497114,Poudre cacaotée 32% de cacao étui de 500g,u,,breakfast-cereals,,,,,,,,2026-07-07 03:11:35
3421557104008,Muesli Chocolat noir,grillon d'or,c,breakfast-cereals,407.0,11.0,4.6,62.0,7.9,11.0,0.15,2026-05-30 01:18:57
3046920029759,Excellence Noir Prodigieux 90% Cacao,lindt,e,chocolates,592.0,55.0,30.0,14.0,7.0,10.0,0.03,2026-09-19 09:30:34
3046920022651,Noir Intense,lindt sprungli sas,e,chocolates,566.0,41.0,24.0,35.0,30.0,9.5,0.02,2026-10-06 03:15:02
3046920022606,Excellence 85% cacao,lindt sprungli sas,e,chocolates,584.0,46.0,27.0,22.0,15.0,12.5,0.02,2026-09-29 18:49:47
20995553,Шоколад 85% какаова маса,,d,chocolates,554.0,44.2,26.7,35.3,12.7,11.5,0.03,2026-09-28 20:18:45
3046920029780,Excellence Noir Subtil Doux 70% Cacao,lindt & sprüngli,e,chocolates,610.0,48.0,29.0,33.0,29.0,6.9,0.01,2026-09-25 13:59:09
8425197712024,Chocolate con leche y almendras,chocolates maruja s.l.,d,chocolates,533.333333333333,32.0,26.6666666666667,53.3333333333333,0.0,5.33333333333333,0.28,2026-09-29 19:01:56
3046920028363,Excellence 85% Cacao Rich Dark,lindt,e,chocolates,584.0,46.0,27.0,22.0,15.0,12.5,0.01,2026-09-14 13:54:00
20022464,Extra Dark 74% Cocoa,,e,chocolates,571.0,42.0,26.0,32.0,26.0,9.9,0.02,2026-09-13 20:19:00
7613035040823,Nestlé dessert Noir,nestlé,e,chocolates,548.0,34.0,20.2,50.7,46.4,6.0,0.01,2026-10-01 01:58:30
3046920010047,LINDT EXCELLENCE Smooth Dark 78%,lindt excellence,e,chocolates,576.0,46.0,29.0,24.0,17.0,10.0,0.05,2026-08-22 15:09:23
3046920028004,Excellence 70% Cocoa Intense Dark,lindt,e,chocolates,566.0,41.0,24.0,35.0,30.0,9.5,0.21,2026-09-14 13:53:56
20095291,Cioccolato fondente,j. d. gross (lidl),e,chocolates,545.0,40.0,24.8,31.9,27.2,8.4,0.01,2026-09-28 21:35:44
3045140105502,Chocolat au lait,milka,e,chocolates,539.0,31.0,19.0,57.0,55.0,6.5,0.28,2026-10-05 13:56:40
3046920028721,Dark absolute 99% cacao,lindt sprungli sas,d,chocolates,567.0,49.0,29.0,9.0,0.49,14.2,0.06,2026-09-28 21:19:52
40896243,Buo Cioccolato Fondente 70%,,e,chocolates,572.0,41.6,25.0,35.3,28.0,8.5,0.0,2026-09-13 22:21:52
3700214611548,Noir equitable 85% Pérou,alter eco,d,chocolates,631.0,53.0,32.0,24.0,14.0,8.1,0.01,2026-05-26 11:20:10
7622210995087,chocolat noir noisettes entieres,cote d\'or,e,chocolates,570.0,39.0,16.0,43.0,40.0,7.3,0.01,2026-08-28 08:32:17
3046920027885,Excellence Noir à la Pointe de Fleur de Sel,lindt excellence,e,chocolates,561.902485659655,32.0,19.0,52.0,47.0,5.7,0.37,2026-05-26 20:29:45
3760091722508,Chocolat noir 85% Madagascar,ethiquable,d,chocolates,615.0,51.0,31.0,24.0,14.0,11.0,0.0,2026-10-06 06:45:11
20713713,Chocolat noir Equateur Bio,j.d: gross,d,chocolates,639.0,55.3,34.0,20.6,14.0,9.0,0.01,2026-09-19 18:11:19
7622400006753,Noir 70% Intense,cote d or,e,chocolates,600.0,46.5,58.0,32.0,56.0,7.0,0.1,2026-07-26 08:50:38
3046920021043,Noir intense dessert 70%,lindt,e,chocolates,567.0,38.0,22.0,35.0,30.0,9.6,0.03,2026-05-28 03:09:21
3046920029681,Excellence Noir Délicat Doux 85% Cacao,lindt excellence,e,chocolates,603.0,55.0,33.0,19.0,14.0,8.9,0.03,2026-08-01 18:47:11
4056489471264,Edelbitter Mild 90%,j.d: gross,d,chocolates,593.0,50.0,30.2,16.6,7.4,11.5,0.02,2026-08-05 22:06:20
3046920016377,100% Cacao,lindt,d,chocolates,614.0,54.0,34.0,11.0,0.5,13.0,3e-05,2026-09-05 10:26:39
3700214614259,Chocolat noir 75% Pérou,alter eco,d,chocolates,597.0,46.0,28.0,33.0,24.0,7.3,0.01,2026-09-04 19:07:57
7622210995063,180G LT NOISETTE COTE D OR,côte d'or,e,chocolates,555.0,36.0,14.0,45.0,43.0,9.3,0.18,2026-09-20 03:04:27
3760091726667,Chocolat noir 80% Équateur intense et floral,ethiquable,d,chocolates,610.0,49.0,29.0,28.0,19.0,9.9,0.0,2026-09-13 22:25:09
3270190127765,Chocolate negro,carrefour france,e,chocolates,576.0,42.0,26.0,32.0,27.0,9.6,0.03,2026-09-29 16:16:45
7622400013935,Noir 86% Extra intense,côte d'or,d,chocolates,645.0,56.0,35.0,18.0,13.0,8.5,0.02,2026-09-18 12:47:02
7622210869616,Chocolat Bio noir 85%,côte d'or,d,chocolates,607.0,50.0,30.0,24.0,14.0,10.0,0.13,2026-09-06 13:02:34
7613035859098,NESTLÉ DESSERT 70% Absolu 170g,nestlé,e,chocolates,592.0,44.7,26.8,33.0,26.5,9.0,0.01,2026-10-01 01:58:51
3760091724632,Chocolat noir PEROU GRAND CRU AMAZONAS 70%,ethiquable,e,chocolates,575.0,43.0,26.0,32.0,27.0,8.3,0.1375,2026-08-07 08:29:11
3664346305860,Noir Extra,poulain,e,chocolates,508.0,28.0,18.0,55.0,52.0,4.9,0.01,2026-10-06 06:40:25
3046920022705,Excellence Noir Orange Intense,lindt,e,chocolates,535.0,32.0,17.0,51.0,46.0,7.0,0.08,2026-05-23 16:41:11
3560070669981,80% cacao noir,carrefour france,d,chocolates,732.851338432122,47.0,29.0,26.0,20.0,10.0,0.03,2026-09-29 16:18:35
3700214614266,Chocolat 90% Pérou,alter eco,d,chocolates,644.0,56.0,34.0,20.0,9.0,8.5,0.01,2026-09-04 19:00:02
7613035040793,NESTLÉ DESSERT Noir 2x205g,nestlé,e,chocolates,551.0,34.6,20.4,50.6,46.4,5.9,0.01,2026-09-04 12:07:30
7613035898646,NESTLÉ DESSERT Corsé 200g,nestlé,e,chocolates,554.0,37.3,22.4,40.6,34.5,8.3,0.02,2026-10-01 01:58:46
6111017045329,Napolitain Noir,aiguebelle,,chocolates,,,,,,,,2026-07-31 16:46:26
8410510012196,Chocolat Noir 92% cacao,dark excellente,d,chocolates,581.0,49.0,33.0,14.0,10.0,15.0,0.02,2026-08-27 11:44:38
7622210584724,Dark chocolate,green & black's organic,d,chocolates,600.169959634586,50.0,30.0,24.0,14.0,10.0,0.1275,2026-06-01 10:20:23
7622210724519,Chocolat noir Bio 70%,côte d'or,e,chocolates,580.0,42.0,25.0,36.0,29.0,9.1,0.08,2026-03-13 10:00:46
3046920010283,Excellence Lait Extra Fondant,lindt,e,chocolates,569.0,37.0,23.0,51.0,50.0,6.4,0.28,2026-04-14 23:39:36
7622210578464,Organic 70% Dark Chocolate Bar,green & black's,e,chocolates,580.0,42.0,25.0,36.0,29.0,9.1,0.01,2026-09-14 20:27:27
20022471,Čokoláda na vaření,fin carré,e,chocolates,526.2,35.0,22.0,48.0,45.6,4.8,0.01,2026-05-30 13:24:08
7614500010013,Milk Chocolate Almond Nougat,toblerone,e,chocolates,529.0,28.0,17.0,61.0,60.0,5.6,0.12,2026-10-02 04:25:41
3760091726650,Haïti Grand cru Cap haïtien 72% cacaoté et fruité,éthiquable,e,chocolates,580.0,42.0,25.0,35.0,27.0,9.5,0.0,2026-06-05 11:19:47
7610036002737,"Chocolat Noir 72%, Collection Pure",villars,e,chocolates,540.0,43.0,26.0,22.0,28.0,6.8,0.02,2026-07-19 15:27:37
7622210995100,noir amandes entières,cote d\'or,e,chocolates,565.0,38.0,16.0,42.0,40.0,9.2,0.01,2026-09-22 16:50:56
3664346306621,tablette poulain fine et gourmande 70% noir moin 2%sucre,fine gourmande,d,chocolates,539.0,44.0,27.0,34.0,0.5,7.6,0.01,2026-04-02 13:40:13
5410081200551,L'original lait,côte d’or,e,chocolates,520.0,28.0,17.0,57.0,55.0,7.4,0.23,2026-10-05 07:01:17
8000500269169,Biscuits Fourrés KINDER Cards Lait et Cacao 2x5 - 128g,kinder,e,chocolates,510.0,26.3,13.5,55.9,42.9,11.5,0.445,2026-10-01 11:25:26
7613038954226,NESTLE DESSERT Noir Bio 170g,bio,e,chocolates,566.0,37.9,21.8,46.5,43.2,6.2,0.01,2026-08-28 01:43:58
20005832,Dark chocolate 50% Cocoa,fin carré,e,chocolates,531.0,31.5,18.9,52.4,47.7,5.7,0.01,2026-07-10 18:28:34
3564707000864,Noir Dégustation 74% cacao,bio village,e,chocolates,569.0,42.0,26.0,34.0,30.0,8.5,0.01,2026-05-23 09:58:40
3046920022507,Excellence Noir Caramel à la pointe de sel,lindt,e,chocolates,520.0,29.0,17.0,56.0,52.0,5.4,0.4,2026-08-16 23:08:33
20177218,NOIR DEGUSTATION 70% CARAMEL,j.d: gross,e,chocolates,543.0,36.5,22.0,41.7,35.2,7.1,0.2,2026-09-10 15:16:04
4056489366461,Extra Dark 85% Cocoa,lidl,d,chocolates,585.0,48.1,29.0,21.2,12.8,10.5,0.02,2026-09-28 20:47:33
3250391737284,Tablette BIO dégustation Chocolat noir - 100g,ivoria,e,chocolates,581.0,42.0,26.0,38.0,31.0,8.1,0.01,2026-08-25 01:32:32
20815882,Chocolate negro. Cacao 95% mínimo,,d,chocolates,600.0,51.2,31.2,12.8,2.4,12.8,0.03,2026-09-28 20:11:22
3046920010603,Framboise Intense,lindt,e,chocolates,536.0,32.0,19.0,52.0,47.0,6.1,0.0875,2026-10-06 05:52:29
5410081201039,100G COTE D'OR NOIR ORIGINAL,côte d'or,e,chocolates,528.0,30.0,18.0,56.0,53.0,5.1,0.01,2026-08-28 08:31:35
6111025120605,Chocolat monogram,macao,e,chocolates,528.0,30.0,18.0,56.0,53.0,5.0,0.0,2024-11-23 18:27:56
7622200002290,Mignonnette noir de noir,côte d'or,e,chocolates,522.0,29.0,17.0,55.0,52.0,5.5,0.01,2026-10-03 12:13:17
3760091725554,chocolat côte d\'ivoire 88%,ethiquable,d,chocolates,626.0,53.0,32.0,21.0,11.0,11.0,0.1,2026-06-05 17:05:57
3564707142700,Chocolat noir dégustation 85% cacao bio,bio village,d,chocolates,635.0,55.0,34.0,20.0,15.0,9.1,0.01,2026-04-08 08:41:06
3046920042932,Création Rocher Noir,lindt,e,chocolates,564.0,37.0,18.0,48.0,44.0,6.6,0.08,2026-07-11 20:38:37
6111017046043,Tentation aiguebelle,aiguebelle,e,chocolates,582.0,49.6,29.8,15.0,10.5,10.0,0.03,2026-03-29 11:47:13
8445290991867,NESTLÉ DESSERT 80% Puissant 170g,nestlé,d,chocolates,611.0,49.6,29.8,24.1,16.2,10.4,0.01,2026-08-29 01:42:45
3560070720859,Chocolate negro,carrefour,e,chocolates,581.0,43.0,26.0,34.0,29.0,8.9,0.01,2026-09-25 13:47:20
6111017046029,Tentation,aiguebelle,d,chocolates,541.0,45.5,27.3,30.3,0.2,7.0,0.01,2026-08-21 09:47:31
3069942320901,Menier Pâtissier Tablette,nestlé,e,chocolates,521.0,29.3,17.6,52.7,47.6,7.1,0.01,2026-09-04 09:48:57
3760091727824,Chocolat noir 74% Côte d'Ivoire,ethiquable,d,chocolates,592.0,46.0,28.0,29.0,24.0,8.2,0.14,2026-05-23 09:18:17
6111259344051,سيرجيو  صغيرة,sergio,,chocolates,,,,30.0,54.8,2.7,0.04,2026-08-04 17:11:42
3700214616994,République Dominicaine 80%,alter eco,d,chocolates,622.0,51.0,31.0,28.0,19.0,7.3,0.01,2026-09-04 19:06:28
3700214610046,noir pérou éclats d\'amandes,alter eco,e,chocolates,554.0,36.0,18.0,45.0,38.0,7.9,0.01,2026-09-04 19:15:38
8480000607225,Chocolate negro 85% cacao,mercadona,d,chocolates,600.0,49.0,30.0,20.0,14.0,12.0,0.03,2026-09-30 20:36:39
3700214616987,70% équateur,alter eco,e,chocolates,582.0,43.0,26.0,37.0,29.0,6.7,0.01,2026-09-04 18:55:38
6111017042427,Chocolat Tentation Noir Gourmand Amandes,aiguebelle,e,chocolates,543.0,38.3,18.0,40.4,36.8,9.2,2e-06,2026-08-21 09:48:35
3760121219749,Chocolat noir 70 %,biocoop,e,chocolates,565.0,42.0,27.0,33.0,29.0,7.9,0.1,2026-06-09 09:32:33
3256220512985,Chocolat noir 70% tablette 100g,u,e,chocolates,569.0,42.0,26.0,34.0,30.0,8.5,0.01,2026-10-06 02:17:35
3560071276539,Tableta chocolate negro 85%,carrefour france,d,chocolates,631.0,55.0,34.0,20.0,15.0,9.1,0.01,2026-09-29 09:07:18
3560071005214,90% cacao noir,carrefour,d,chocolates,622.0,54.0,34.0,16.0,9.7,12.0,0.03,2026-08-28 11:55:18
3250391422715,L'intense chocolat noir 85%,intermarché,d,chocolates,601.0,49.0,30.0,22.0,13.0,11.0,0.0,2026-06-28 14:13:10
6111017046470,délice noir,aiguebelle,e,chocolates,534.0,36.0,22.0,47.0,44.0,5.2,0.011,2026-08-21 09:50:12
3700214616970,95 % Ghana,alter eco,d,chocolates,655.0,59.0,36.0,15.0,4.0,9.0,0.01,2026-09-11 19:24:10
5410081200445,L'original noir,côte d'or,e,chocolates,528.0,30.0,18.0,56.0,53.0,5.1,0.01,2026-03-13 10:22:02
3046920029674,Lindt Excellence A Touch of Sea Salt Dark,lindt sprungli sas,e,chocolates,529.0,32.0,20.0,50.0,48.0,6.2,0.265,2026-09-29 14:28:27
3046920017503,Sésame Grillé,lindt excellence,e,chocolates,531.0,32.0,17.0,50.0,45.0,6.8,0.09,2026-08-22 14:30:34
3564700257647,Chocolat 85%,equador,d,chocolates,561.0,43.0,28.0,24.0,16.0,11.0,0.0,2026-04-24 14:56:38
20177201,Шоколад с 6% парченца малини,j.d: gross,e,chocolates,552.0,39.3,23.6,36.2,29.0,8.0,0.03,2026-09-21 11:50:02
8480000125866,Chocolate negro 99% cacao,mercadona,d,chocolates,610.0,54.0,34.0,8.0,1.0,15.0,0.19,2026-09-29 22:15:09
20815356,Dunkle Schokolade mit ganzen Haselnüssen,fin carré,e,chocolates,587.0,44.3,17.9,34.4,30.0,8.6,0.00603448275862069,2026-08-28 09:17:46
3700214610077,Chocolat noir aux écorces d'orange,alter eco,e,chocolates,524.0,31.0,18.0,52.0,46.0,5.1,0.08,2026-06-09 10:26:09
3045140118502,Milka Tablette Noisette,milka,e,chocolates,563.0,37.0,16.0,47.0,45.0,8.2,0.22,2026-10-05 13:56:16
5000426171518,AFTER EIGHT Coffret 300g,after eight,e,chocolates,426.0,13.3,7.6,72.9,66.2,2.2,0.01,2026-09-23 15:18:35
20430733,cioccolato fondente,lidl,e,chocolates,574.0,40.5,15.5,40.4,36.8,8.3,0.01,2026-08-30 17:50:46
3760121219732,Noir 85%,biocoop,d,chocolates,594.0,49.0,31.0,19.0,14.0,9.4,0.1,2026-03-26 13:14:09
7613035587793,NESTLE DESSERT Lait,nestlé,e,chocolates,554.0,34.1,20.2,52.9,50.7,6.9,0.13,2026-09-11 07:31:19
3564700010877,Chocolat noir 72% cacao,equador,e,chocolates,548.0,39.0,24.0,33.0,28.0,10.0,0.02,2026-09-16 09:04:29
6111259347106,6111259347106,,e,chocolates,500.0,25.0,15.0,60.0,45.0,5.0,0.5,2026-08-16 11:59:42
3046920021562,Excellence Noir Suprême Corsé 70% Cacao,lindt,e,chocolates,535.0,36.0,21.0,36.0,28.0,10.0,0.04,2026-03-26 02:34:17
6111017046548,Aiguebelle,aiguebelle,e,chocolates,535.0,36.0,22.0,47.0,44.0,5.2,11.0,2026-04-12 11:58:41
5059697731860,Dark Chocolate,tesco finest,d,chocolates,591.0,44.8,27.1,34.7,23.6,6.9,0.01,2026-06-03 11:20:39
20005825,Melk Lait,,e,chocolates,535.0,30.2,18.4,57.9,56.6,9.6,0.25,2026-09-29 15:59:17
7613035040700,NESTLÉ DESSERT Noir,nestlé,e,chocolates,548.0,34.0,20.2,50.7,46.4,6.0,0.01,2026-09-12 01:55:54
3256220259576,Chocolat noir dégustation 85% de cacao Tablette de 100g,u,d,chocolates,585.0,47.0,29.0,22.0,15.0,11.0,0.03,2026-08-12 09:44:35
4056489719618,"Chocolat noir, Éclats d'amandes grillées & pointe de sel",fairglobe,e,chocolates,551.0,35.2,18.4,46.9,42.1,7.5,0.71,2026-09-16 18:29:22
3564700010846,Chocolat dessert pâtissier,marque repère,e,chocolates,513.0,30.0,18.0,51.0,48.0,5.0,0.0,2026-04-19 06:32:18
7610036010503,Chocolat Villars Noir 85% 100g,villars,d,chocolates,590.0,50.0,31.0,19.0,13.0,7.9,0.02,2026-09-14 20:48:16
3250390102625,Tablette dégustation chocolat noir min 70% - 100g,les creations,d,chocolates,558.0,40.0,24.0,33.0,26.0,10.0,0.0,2026-09-03 01:49:13
7622210995025,CÔTE D'OR Bloc melk amandel,côte d'or,e,chocolates,529.0,30.0,14.0,53.0,51.0,8.9,0.78,2026-09-20 03:00:16
3256227824289,Chocolat Noir 85%,u,d,chocolates,638.0,55.0,34.0,21.0,16.0,9.0,0.01,2026-10-06 02:35:41
8000500003787,Ferrero Rocher,ferrero,e,chocolates,603.0,42.7,14.1,44.4,39.9,8.2,0.15,2026-10-05 18:19:42
16756168,Chocolat au lait feuilleté caramel,poulain,,chocolates,,,,,,,,2026-02-16 18:55:52
3046920013871,Lait Extra fin,lindt,e,chocolates,545.0,32.0,19.0,56.0,55.0,7.0,0.25,2026-04-22 15:01:33
6111270961442,Nooco,nooco,c,chocolates,494.0,23.5,0.0,61.3,0.0,8.2,0.3,2026-08-28 18:12:08
20005771,Whole Nut Milk Chocolate with Roasted Hazelnuts,fin carré,e,chocolates,582.0,39.7,15.5,49.3,40.2,9.0,0.2075,2026-09-22 16:41:53
3664346306591,POULAIN NOIR EXTRA 200G,poulain,e,chocolates,508.0,28.0,18.0,55.0,52.0,4.9,0.01,2026-03-21 07:43:50
80310891,Kinder Joy,,e,chocolates,550.0,32.0,15.4,56.5,51.0,8.2,0.318,2026-10-01 11:15:34
20029838,Hazelnut Milk Chocolate,fin carré,e,chocolates,556.88623,34.6,16.9,51.6,50.4,7.9,0.22,2026-09-08 10:59:29
7622202209598,milka wholenut noisette,milka,e,chocolates,140.0,0.1,3.7,9.2,12.0,2.0,20.0,2026-10-01 15:37:39
3760091720603,Chocolat noir Fèves de cacao,ethiquable,d,chocolates,543.0,44.0,26.0,21.0,16.0,8.1,0.14,2026-03-14 16:04:02
4335619177222,Chocolat Noir,cemoi,e,chocolates,523.0,36.6,22.3,35.9,29.1,9.9,0.03,2026-08-31 00:42:10
6111017047873,Napolitain noir tablette Choco (72%),aiguebelle,e,chocolates,464.0,32.6,20.2,31.9,26.6,10.7,0.06,2026-08-21 09:52:09
8402001025594,Chocolate 85% 0 Acucar,mercadona,d,chocolates,583.0,51.0,32.0,18.0,1.0,11.0,0.1575,2026-09-29 22:20:08
3700214618998,Chocolat 100% République Dominicaine,alter eco,d,chocolates,646.0,58.0,35.0,13.0,0.3,10.0,0.01,2026-09-04 18:50:58
3760091722515,Nicaragua grand cru waslala 75%,ethiquable,d,chocolates,589.0,46.0,27.0,29.0,23.0,8.5,0.0,2026-07-05 15:20:58
7622210834751,Milka oreo,milka oreo,e,chocolates,559.0,35.0,19.0,56.0,50.0,5.0,0.45,2026-03-13 04:41:32
8410679234514,Chocolate Extrafino 80% NOIR 0% azúcares añadidos,trapa,d,chocolates,514.0,43.0,27.0,26.0,1.1,10.0,0.06,2026-08-21 09:44:45
3045140105106,Chocolat au lait du Pays Alpin,milka,e,chocolates,539.0,31.0,19.0,57.0,55.0,6.5,0.275,2026-03-14 19:22:28
3477730001305,Chocolat noir 80% - Équateur,kaoka,d,chocolates,577.0,44.0,27.0,27.0,21.0,11.2,0.01,2026-10-03 13:05:16
3560071453442,85% Cacao NOIR,carrefour,d,chocolates,595.0,49.0,31.0,20.0,14.0,12.0,0.02,2026-06-09 09:40:35
3256220268363,Chocolat noir 72 % de cacao,super u,e,chocolates,575.0,43.0,27.0,33.0,29.0,8.5,0.02,2026-07-07 03:53:52
6111259344426,Excelo nougat,excelo,d,chocolates,443.0,16.0,7.8,68.8,40.3,6.0,0.17,2026-02-24 12:05:05
8410679234002,Chocolate 95%,europraline s.l.,d,chocolates,580.0,52.0,33.0,12.0,6.3,11.0,0.08,2026-09-30 17:40:25
5059697684616,Dark Chocolate,tesco finest,d,chocolates,633.0,54.3,33.0,20.1,12.8,9.5,0.01,2026-05-12 14:42:54
3760091725301,Chocolat noir 98 % Équateur,éthiquable,d,chocolates,620.0,54.0,32.0,13.0,1.0,14.0,0.0,2026-03-16 23:50:09
3046920028370,Lindt Excellence Dark Orange Intense,lindt,e,chocolates,535.0,32.0,17.0,51.0,46.0,7.0,0.08,2026-09-25 15:49:16
3250392556181,Tablette BIO dégustation - Chocolat noir Pérou 85% - 100g,intermarché,d,chocolates,637.0,55.0,33.0,19.0,13.0,10.0,0.0,2026-03-03 09:43:04
6111017040881,Napolitain noir,aiguebelle,e,chocolates,507.0,37.6,23.0,33.0,28.0,8.9,0.01,2026-03-16 23:56:31
3483981900052,chocolat noir 85 % madagascar,terra etica,d,chocolates,619.0,51.0,31.0,24.0,14.0,11.0,0.0,2026-07-28 19:38:28
3250392411947,L'Extra Noir Chocolat noir 90%,les creations,d,chocolates,630.0,54.0,33.0,17.0,9.5,12.0,0.0,2026-09-23 01:44:03
20706852,Chocolate Mints - Zartbitter Täfelchen Minze,j.d: gross,e,chocolates,461.0,18.0,13.0,71.0,61.0,1.9,0.02,2026-08-08 20:05:08
5059697710001,Dark Milk Chocolate,tesco,e,chocolates,597.0,44.6,27.8,36.2,33.6,9.9,0.23,2026-10-04 10:24:10
7622210720566,Milka au lait du pays alpin,milka,e,chocolates,539.0,31.0,19.0,57.0,55.0,6.5,0.28,2026-04-11 11:36:59
7622202334009,dairy milk,cadbury,e,chocolates,525.0,27.9,18.7,62.6,58.8,6.8,0.2675,2026-03-05 14:09:39
3175681016590,Chocolat noir sans sucres ajoutés,gerblé,c,chocolates,462.5,32.0,22.0,40.0,1.2,7.1,0.0,2026-06-06 14:50:07
3760278860498,Chocolat gianduja,ethiquable,e,chocolates,575.0,41.0,17.0,42.0,37.0,8.0,0.05,2026-03-13 20:03:14
20936600,DARK CHOCOLATE ALMOND & ORANGE,j.d: gross,e,chocolates,576.0,39.4,22.0,45.3,41.4,6.0,0.01,2026-09-16 07:48:28
3700214612125,Noir quinoa soufflé,alter eco,e,chocolates,533.0,32.0,19.0,51.0,41.0,5.9,0.0,2026-07-28 09:11:42
3760091723574,Chocolat noir caramel pointe de sel,ethiquable,e,chocolates,559.0,37.0,22.0,44.0,38.0,7.8,0.24,2026-03-17 08:19:05
3046920042765,Lindor noir,lindt,e,chocolates,617.0,47.0,33.0,41.0,38.0,4.7,0.09,2026-03-12 18:32:15
3046920042963,150G LINDOR LAIT LINDT,lindt,e,chocolates,610.0,45.0,32.0,45.0,44.0,5.1,0.2,2026-03-12 18:32:01
8000500359556,czekolada Rafael,ferrero,e,chocolates,599.0,41.8,27.9,46.5,46.3,8.1,0.1975,2026-10-04 14:26:19
8000300312102,CRUNCH Lait Tablette 2x100g,nestlé,e,chocolates,514.0,25.9,15.5,64.1,48.5,5.0,0.31,2026-08-27 02:22:05
3760278865677,Togo grand cru akebou 76%,ethiquable,d,chocolates,598.0,47.0,28.0,27.0,22.0,8.3,0.14,2026-03-26 03:26:27
3046920010856,Lindt chocolate negro Limon con Gengibre con amandes,lindt & sprüngli,e,chocolates,534.0,32.0,17.0,51.0,46.0,6.9,0.08,2026-04-21 04:32:00
3046920042888,Milk Hazelnut,lindt,d,chocolates,576.0,37.2,18.0,55.2,0.0,7.2,0.23,2026-03-13 17:46:54
3477730001251,Chocolat noir 75% Bio,kaoka,e,chocolates,586.0,45.0,28.0,30.0,25.0,9.3,0.01,2026-08-21 09:45:35
4335619201859,Dubai chocolate,lidl,e,chocolates,531.0,30.0,16.7,51.7,39.8,11.6,0.29,2026-09-19 16:01:04
3760091720627,Chocolat noir Quinoa,ethiquable,e,chocolates,558.0,37.0,22.0,43.0,32.0,8.6,0.0,2026-03-17 19:28:21
3256220610452,Chocolat noir à pâtisser Tablette de 200g,u,e,chocolates,521.0,30.0,18.0,51.0,48.0,7.7,0.02,2026-07-07 03:52:35
3760091726674,Chocolat lait nature tendre et fondant,ethiquable,e,chocolates,561.0,35.0,21.0,51.0,50.0,9.0,0.245,2026-05-02 13:32:59
3560071413750,NOIR 80% Cacao Equateur,carrefour bio,d,chocolates,577.0,44.0,27.0,27.0,21.0,11.0,0.0,2026-03-26 03:23:57
3046920013925,3X100G MAITRE CHOCOLATIER LAIT,lindt,e,chocolates,545.0,32.0,19.0,56.0,55.0,7.0,0.25,2026-03-26 06:43:45
8410109109832,85% Cacao 0% Azúcares Añadidos,valor,d,chocolates,568.0,49.0,31.0,19.0,0.5,11.0,0.12,2026-09-30 22:52:33
3250390009153,Dessert noir,ivoria,e,chocolates,521.6,30.0,19.0,52.0,47.0,7.0,0.02,2026-10-01 01:51:44
3760091726599,Chocolat noir Gingembre confit,ethiquable,e,chocolates,551.0,36.0,22.0,44.0,37.0,7.6,0.0,2026-03-17 19:28:48
3760226260431,Tablette de chocolat 75% de cacao,grain de sail,e,chocolates,567.0,43.0,26.0,30.0,25.0,9.0,0.13,2026-05-27 11:39:23
3046920010382,Excellence Milk Sea Salt Caramel,lindt,e,chocolates,550.0,32.0,20.0,57.0,57.0,5.4,0.6,2026-03-14 02:23:53
8410376057270,Choco Tablet Zero sin Azúcares,galletas gullon s.a.,d,chocolates,451.0,24.0,16.0,60.0,1.3,6.6,0.35,2026-09-02 19:54:46
4000417702005,RITTER SPORT Nut sel. puur hazeln.,ritter sport,e,chocolates,577.0,41.0,16.0,39.0,37.0,8.4,1.0,2026-09-05 19:19:19
3477730001701,Chocolat Noir 90% Bio,kaoka,d,chocolates,595.0,49.0,30.0,18.0,11.0,12.5,0.02,2026-09-06 14:28:48
6111017040843,Aiguebelle Mini Chocolate,aiguebelle,,chocolates,60.0,15.0,8.0,5.0,,8.0,0.0,2026-03-14 11:04:14
3760091721617,Chocolat au lait riz soufflé,ethiquable,e,chocolates,550.0,33.0,20.0,53.0,47.0,9.0,0.24,2026-05-23 11:43:10
3760226260738,Tablette de chocolat 85% de cacao,grain de sail,d,chocolates,588.0,48.0,30.0,20.0,15.0,10.0,0.14,2026-03-11 12:18:39
4000539142628,DUBAI Style CHOCOLATE PISTACHIO & KADAYIF,lindt,e,chocolates,563.0,36.0,19.0,50.0,46.0,8.3,0.305,2026-03-26 18:43:24
3270190117209,Noir amandes entieres,carrefour,d,chocolates,0.0,38.0,17.0,41.0,34.0,11.0,0.03,2026-06-03 23:58:04
3760091720610,Chocolat noir orange confite,ethiquable,e,chocolates,542.0,35.0,21.0,46.0,39.0,7.2,0.03,2026-06-01 01:51:01
7613035040762,NESTLE DESSERT Noir 3x205g,nestlé,e,chocolates,548.0,34.0,20.2,50.7,46.4,6.0,0.01,2026-10-02 01:55:16
2006050109876,Noir 85% Cacao,moser roth,e,chocolates,578.0,42.0,26.0,34.0,28.0,9.5,0.02,2026-03-02 09:48:24
7622400013928,Lait Praliné Double Lait,côte d'or,e,chocolates,530.0,29.0,14.0,58.0,56.0,6.3,0.12,2026-04-08 15:06:41
4088600132334,85% Cocoa - Dark Chocolate,moser roth,d,chocolates,604.0,49.8,32.0,21.8,13.2,10.8,0.48,2026-08-21 07:58:15
7610036002751,Chocolat Villars Lait Suisse 100g,villars,e,chocolates,555.0,35.0,21.0,52.0,51.0,7.6,0.31,2026-09-17 16:52:34
8480000237736,Chocolate negro 72%,mercadona,e,chocolates,568.0,42.0,26.0,32.0,27.0,10.0,0.03,2026-09-30 08:57:06
3046920027861,Excellence Noir Menthe Intense,lindt,e,chocolates,535.0,32.0,19.0,52.0,47.0,6.0,0.0975,2026-04-08 14:58:02
3560070856596,Chocolate 52% especial postres,carrefour bio,e,chocolates,535.0,32.0,20.0,52.0,49.0,6.0,0.02,2026-03-14 19:33:27
3560071181413,Chocolat Pâtissier Noir CORSE 70% CACAO,carrefour bio,e,chocolates,580.0,42.0,25.0,36.0,29.0,9.1,0.08,2026-03-19 17:31:00
3560071265557,Noir,carrefour bio,d,chocolates,641.0,56.0,34.0,19.0,9.3,11.0,0.05,2026-03-26 00:27:52
8000500037874,Ferrero rocher t16,ferrero rocher,e,chocolates,603.0,43.0,14.1,48.4,39.9,8.2,0.15,2026-09-28 16:18:49
3046920014304,Lucky Monkey lait onctueux,lindt,e,chocolates,547.0,32.0,20.0,57.0,56.0,6.8,0.29,2026-03-26 16:51:22
7613035268388,Chocolate con Leche,société des produits nestlé s.a.,e,chocolates,538.0,30.3,17.4,58.9,57.7,6.3,0.13,2026-09-28 20:30:11
7610036002805,Noir aux Pépites de Café,villars,e,chocolates,520.0,34.0,20.0,50.0,45.0,4.6,0.03,2026-03-13 00:39:45
3760091726414,Chocolat lait commerce équitable,ethiquable,e,chocolates,592.0,44.0,27.0,36.0,33.0,9.4,0.15,2026-03-04 13:35:00
3700214611555,Noir Pérou éclats de menthe,alter eco,e,chocolates,526.0,35.0,21.0,51.0,45.0,4.7,0.0,2026-06-09 11:36:45
3046920020992,Chocolat noir 70% Cacao Sel rose de l'Himalaya,lindt,e,chocolates,563.0,40.0,24.0,36.0,28.0,9.1,0.0015,2026-04-14 18:46:37
4000607852008,Dark Chocolate,schogetten,e,chocolates,525.0,31.0,19.0,50.0,47.0,6.4,0.01,2026-08-28 06:25:28
6111017042236,Dessert 72%,aiguebelle,e,chocolates,507.0,37.6,23.4,33.2,28.0,8.0,0.01,2026-08-21 09:52:48
3477730001206,Chocolat Noir 70% Bio,kaoka,e,chocolates,563.0,40.0,24.0,35.0,29.0,9.7,0.03,2026-03-17 23:07:12
3664346306584,Poulain noir extra,poulain,e,chocolates,508.0,28.0,18.0,55.0,52.0,4.9,0.01,2026-05-12 13:54:13
3046920040235,Lindor noir 70%,lindt,e,chocolates,624.0,50.0,36.0,32.0,27.0,7.1,0.05,2026-03-25 20:41:37
4056489842552,Chocolat noir orange bio 65% cacao,j.d: gross,e,chocolates,546.0,37.0,23.1,41.8,38.8,6.9,0.03,2026-03-26 15:51:31
8000500325384,Kinder joy,kinder,e,chocolates,550.0,32.0,15.4,56.5,51.0,8.2,0.318,2026-09-27 11:27:04
7622400013942,Noir praliné,côte d'or,e,chocolates,542.0,33.0,15.0,52.0,49.0,5.1,0.04,2026-09-24 03:15:29
3760278861723,Guatemala 78% chocolaté et note de caramel,ethiquable,d,chocolates,603.0,49.0,29.0,24.0,18.0,9.0,0.15,2026-08-24 10:27:43
6111017042441,tentation croque lait,aiguebelle,e,chocolates,577.0,39.7,19.3,44.5,39.0,10.5,0.2,2026-08-21 09:48:12
3564707100427,Chocolat noir dessert bio,bio village,e,chocolates,529.0,32.0,20.0,49.0,46.0,6.6,0.0,2026-08-14 10:29:13
6111242380295,Tchicolata,,e,chocolates,533.0,31.0,0.0,57.0,57.0,6.5,0.0,2026-04-08 17:03:31
3245678046548,72% Noir intense,auchan,e,chocolates,575.0,43.0,26.0,33.0,29.0,8.5,0.02,2026-09-15 01:35:21
3245412418136,DESSERT Noir Corsé,carrefour,e,chocolates,545.0,36.0,22.0,41.0,36.0,9.1,0.03,2026-03-12 19:58:03
3760278865660,Tablette de chocolat 100% cacao variétés native Pérou,ethiquable,d,chocolates,634.0,57.0,34.0,6.8,0.0,12.0,0.19,2026-03-26 03:14:54
6111017042489,Tentation,aiguebelle,e,chocolates,565.3,36.0,21.4,50.5,44.7,9.9,0.2,2026-03-29 11:48:18
5941021001674,Dark Chocolate 85% Cocoa,heidi,e,chocolates,603.0,52.0,31.0,16.0,12.0,9.3,0.02,2026-06-27 08:00:07
7622210438294,L'Original noir,côté d'or,e,chocolates,528.0,30.0,18.0,56.0,53.0,5.1,0.01,2026-04-07 16:37:30
6130014350120,Ambassadeur noir précieux 70% cacao,bimo,,chocolates,570.01,39.11,0.0,44.36,,7.28,0.002,2026-09-26 16:32:43
3760226260493,Tablette de chocolat 62% de cacao et sésame torréfié,grain de sail,e,chocolates,571.0,42.0,23.0,37.0,33.0,7.0,0.1,2026-03-13 16:42:20
3700214610015,Chocolat noir intense dégustation,alter eco,e,chocolates,546.0,34.0,20.0,50.0,43.0,5.7,0.01,2026-09-04 19:34:58
8425197712291,Maruja,,e,chocolates,539.0,33.0,25.0,52.0,51.0,7.2,0.275,2025-08-15 20:28:54
7613037985085,NESTLE L'ATELIER Tablette Chocolat noir myrtilles amandes - 170g,nestlé,e,chocolates,543.0,34.8,15.4,44.1,38.1,8.9,0.01,2026-09-21 01:36:04
40084107,Überraschung,kinder,e,chocolates,2805.0,34.9,22.9,52.6,52.3,8.4,0.32,2026-10-05 12:55:41
7622210580092,Organic Milk Chocolate 37% Cocoa,green & black's,e,chocolates,561.0,36.0,22.0,48.0,46.0,9.8,0.22,2026-09-14 14:13:30
8717677339914,Milk Chocolate,tony's chocolonely,e,chocolates,546.666666666667,33.3333333333333,20.0,52.0,50.6666666666667,7.66666666666667,0.208333333333333,2026-03-27 17:28:50
3760226260509,noir fleur de sel,grain de sail,e,chocolates,569.0,41.0,25.0,41.0,37.0,6.0,0.25,2026-05-26 02:35:13
8901058005233,Kitkat mini chocolate coated wafer,kitkat,e,chocolates,438.0,24.8,24.5,47.4,35.1,6.4,0.2435,2026-02-22 07:51:11
7622300489427,Oreo Covered Wit,oreo,e,chocolates,507.317073170732,24.390243902439,11.219512195122,68.2926829268293,48.780487804878,3.41463414634146,0.475609756097561,2026-10-03 08:11:40
3046920017541,Excellence Noir Zeste de Citron Vert,lindt,e,chocolates,531.0,32.0,19.0,51.0,48.0,6.0,0.09,2026-09-19 08:02:00
8480000125446,Choco Gotas Negro,mercadona,e,chocolates,501.0,25.0,15.0,59.0,55.0,6.0,0.02,2026-09-24 19:45:48
4056489189244,0% Sugar Added 70% Dark Chocolate,lidl,d,chocolates,522.0,42.2,26.9,34.3,1.2,8.2,0.03,2026-09-28 21:14:53
3560071276478,LAIT Noisettes entières,carrefour bio,e,chocolates,577.0,40.0,16.0,45.0,43.0,8.9,0.19,2026-03-19 20:09:08
4088600132341,70% Dark Chocolate,moser roth,e,chocolates,580.0,40.8,24.5,39.1,25.7,9.3,0.03,2026-07-21 15:08:55
3700214619353,77 ghana,alter eco,d,chocolates,594.0,48.0,29.0,27.0,22.0,7.5,0.0,2026-04-09 18:51:28
8445290907424,NESTLÉ DESSERT Blanc 170g,nestlé,e,chocolates,562.0,34.2,21.0,55.4,55.4,7.8,0.27,2026-10-03 01:49:11
40084015,Duplo Einzelriegel,duplo,e,chocolates,551.0,33.0,18.9,56.0,50.4,6.1,0.19,2026-08-26 18:26:31
7622400853210,Mignonnette® Noir - Orange,côte d'or,e,chocolates,510.0,28.0,17.0,54.0,51.0,5.4,0.01,2026-08-01 21:13:14
7610400084895,Lindt Chocoletti Lait praliné noisettes,lindt,e,chocolates,558.0,35.0,15.0,53.0,48.0,6.4,0.1,2026-03-18 23:56:44
3222472819370,Noir dégustation 85% de cacao intense,casino,d,chocolates,585.0,47.0,29.0,22.0,16.0,11.0,0.03,2026-03-18 00:53:56
20691998,Chocolat noir à la pointe de sel,j.d: gross,c,chocolates,2096.0,39.2,0.0,52.8,0.0,4.8,1.2,2026-06-02 12:17:10
00938150,single origin milk chocolate,marks & spencer,e,chocolates,618.0,47.4,29.1,37.9,37.2,8.4,0.25,2026-03-23 16:15:05
3760091722997,Chocolat noir extra,ethiquable,e,chocolates,563.0,38.8,23.1,42.2,35.4,8.0,0.0,2026-03-13 06:23:38
3350031672897,Chocolat noir 74% Bio,monoprix,d,chocolates,563.0,42.0,26.0,32.0,27.0,8.3,0.03,2026-06-09 10:13:18
3270190128151,Chocolate con LECHE,carrefour bio,e,chocolates,576.0,39.0,24.0,46.0,45.0,8.6,0.2,2026-09-05 18:09:24
3046920021142,Noir dessert,lindtt,e,chocolates,541.0,33.0,20.0,52.0,48.0,5.3,0.1,2026-09-11 12:47:22
3046920084000,Extra velouté blanc,lindt,e,chocolates,571.0,36.0,22.0,57.0,57.0,4.8,0.1875,2026-03-13 01:12:19
7614500010310,Toblerone,toblerone,e,chocolates,537.0,29.0,17.0,62.0,62.0,6.1,0.18,2026-09-26 09:48:46
1230000168007,Feastables - Milk Crunch,feastables,e,chocolates,536.0,31.0,18.6,55.4,46.5,7.3,0.043175,2026-09-23 08:58:56
3046920042567,Création Crème Brûlée,lindt creation,e,chocolates,585.0,39.0,24.0,52.0,50.0,5.6,0.25,2026-05-13 19:37:03
3270190151654,Éclats de fèves de cacao noir,carrefour,e,chocolates,526.0,31.0,19.0,51.0,47.0,6.5,0.01,2026-03-14 02:50:02
5060719920001,Absolute black dark chocolate,great british confectionery group limited,d,chocolates,623.0,53.0,32.0,18.0,0.6,14.0,0.02,2026-09-01 18:53:29
3046920020183,Délice pistache amande,lindt,e,chocolates,564.0,37.0,23.0,49.0,45.0,6.2,0.07,2026-03-14 08:42:42
20368197,Weiße Schokolade,fin carré,e,chocolates,539.0,30.0,18.5,59.7,59.4,7.2,0.41,2026-08-02 13:34:54
5410081206201,Mignonnette melk,côte d'or,e,chocolates,531.0,30.0,18.0,55.0,54.0,7.7,0.33,2026-09-09 14:41:00
20449100,Alpenmelkchocolade met stukjes hazelnoten en rozijnen,lidl,e,chocolates,501.0,27.1,14.4,56.6,55.4,6.6,0.03,2026-08-28 15:23:03
3700214610190,Noir Pérou dessert,alter eco,e,chocolates,549.0,33.0,20.0,56.0,51.0,3.9,0.0,2026-09-06 07:45:42
4006040013471,Chocolat noir 85%,rapunzel,d,chocolates,636.0,56.0,34.0,19.0,14.0,8.8,0.0,2026-03-19 00:46:25
6111017000014,Chocolat Dessert Noir 55%,aiguebelle,e,chocolates,525.0,34.5,21.5,48.5,44.9,5.2,0.0018,2026-08-21 09:53:14
3700214617632,Noir Pérou Fruit de la Passion,alter eco,e,chocolates,539.0,33.0,20.0,51.0,41.0,5.4,0.01,2026-09-04 19:12:20
3770024649079,Tablette Noir noisettes et amandes pilées,krokola,e,chocolates,565.0,40.0,21.0,36.0,32.0,9.8,0.01,2026-06-05 16:07:39
7613035239562,"NESQUIK Poudre Cacaotée boîte 1,1kg",nesquik,d,chocolates,,,,,,,,2026-08-27 02:12:58
7622210995049,Lait raisins noisettes,côte d'or,e,chocolates,519.0,30.0,13.0,50.0,49.0,8.5,0.18,2026-08-30 23:59:52
7610400070577,Dunkle Schweizer Schokolade mit Chili-Extrakt,lindtt excellence,e,chocolates,544.455066921605,33.0,19.5,51.5,46.5,6.0,0.4375,2026-06-09 16:11:03
20005818,Chocolat Lait Noisettes entières,fin carré,e,chocolates,600.0,43.4,17.8,42.0,37.9,8.3,0.19,2026-03-05 15:04:08
3560070472918,Chocolate negro con almendras caramelizadas,carrefour bio,e,chocolates,550.0,36.0,20.0,43.0,40.0,8.1,0.01,2026-05-24 07:55:31
3046920013857,Noir extra fondant,lindt,e,chocolates,534.0,32.0,19.0,51.0,46.0,6.5,0.1,2026-03-26 06:23:26
7622201491567,milka triple chocolat avec morceaux de biscuits,milka,,chocolates,524.0,30.0,,57.0,53.0,5.7,0.265,2026-10-01 15:38:05
1230000168045,FEASTABLES Milk Choco.,feastables,e,chocolates,535.0,34.4,20.7,55.4,42.7,7.4,19.0,2026-09-14 13:51:30
5000189983281,After Eight Dark Chocolate Thins,after eight,e,chocolates,426.0,12.9,7.6,73.5,67.8,2.1,0.03,2026-10-01 23:22:00
5000128981330,85% Cocoa Dark Chocolate,co-op irresistible,d,chocolates,625.0,52.0,31.0,26.0,17.0,8.8,0.01,2026-05-30 19:55:31
3046920011013,Lindt Excellence Milk Chocolate 100g,lindt,e,chocolates,567.0,37.0,23.0,51.0,50.0,6.4,0.275,2026-10-06 05:54:38
7622210249661,Dark Chocolate,cadbury bournville,e,chocolates,525.0,28.0,16.0,60.0,58.0,4.3,0.01,2026-09-05 08:32:28
7613035040670,NESTLE DESSERT Noir 2X205g,nestle dessert,e,chocolates,548.0,34.0,20.2,50.7,46.4,6.0,0.01,2026-09-12 01:55:51
3250390198987,Tablette dégustation chocolat noir aux éclats de fèves de cacao - 100g,les creations,d,chocolates,552.0,40.0,25.0,32.0,27.0,10.0,0.02,2026-08-12 09:29:30
3560071564735,Dessert noir,carrefour,e,chocolates,526.0,30.0,18.0,53.0,49.0,6.7,0.02,2026-08-04 21:04:43
3045140280803,Milka - Riz croustillant,milka,e,chocolates,515.0,27.0,16.0,61.0,48.0,6.5,0.61,2026-10-01 15:38:50
3046920047708,لينت كيريشين بارالين,lindt,e,chocolates,565.0,36.0,18.0,52.0,50.0,6.9,0.26,2026-04-14 16:53:22
7610400010108,Lindet choco swis dark 2yrs prod,lindt,e,chocolates,535.0,32.0,20.0,53.0,50.0,5.2,0.014,2026-06-12 14:36:54
3046920013796,Noir intense caramel beurre salé,lindt,e,chocolates,554.0,37.0,21.0,42.0,32.0,8.3,0.38,2026-03-26 14:28:50
3387390320558,Chocolate Fitness,nestlé,c,chocolates,428.571428571429,38.7234042553191,2.97872340425532,66.3829787234042,16.5957446808511,7.65957446808511,0.33,2026-09-18 11:44:26
3700214618455,Chocolat Noir Honduras 70%,alter eco,e,chocolates,605.0,46.0,28.0,37.0,29.0,6.1,0.01,2026-09-04 18:54:16
3560071265564,Noir,carrefour bio,e,chocolates,586.0,43.0,18.0,37.0,33.0,8.6,0.01,2026-07-29 15:33:29
8402001016394,NEGRO 72%,mercadona,e,chocolates,562.5,42.0,26.0,32.0,27.0,10.0,0.03,2026-09-30 09:30:04
7622300631574,Chocolate con leche Oreo,mondelez schweiz gmbh,e,chocolates,564.0,34.0,19.0,56.0,49.0,5.4,0.066,2026-10-05 12:41:38
7613032910501,NESTLÉ DESSERT Praliné 170g,nestlé,e,chocolates,555.0,34.4,13.8,53.4,51.4,6.5,0.09,2026-08-31 03:32:57
8000500237601,Calendrier de l'avent au chocolat,kinder,e,chocolates,566.0,35.0,22.6,53.5,53.3,8.7,0.313,2026-08-12 09:16:48
5412956214069,chocolat noir uganda,cachet,e,chocolates,583.0,48.0,29.0,25.0,19.0,8.6,0.01,2026-03-13 13:54:12
1230000097048,HAZELNUT BUTTER DARK CHOCOLATE,hu,e,chocolates,606.666666666667,47.0,22.0,33.0,26.0,9.4,0.1,2026-03-27 18:47:03
3256226387563,Chocolat noir 70% de cacao quinoa - Tablette 100g,u,e,chocolates,523.0,36.0,22.0,34.0,29.0,9.8,0.01,2026-10-06 02:39:48
4000417670915,Pistachio,ritter sport,e,chocolates,540.0,32.0,15.0,52.0,51.0,8.4,0.57,2026-09-11 12:38:47
8480000125309,Choco fundir 0% azúcares añadidos 70% cacao,mercadona,d,chocolates,525.0,42.0,26.0,35.0,0.1,8.7,0.0,2026-09-30 09:49:33
7622400013423,86% Noir Brut,côte d'or,d,chocolates,643.0,56.0,35.0,18.0,13.0,8.5,5e-05,2026-08-22 10:53:04
6111250477277,chocolat noir aux pépites,carlotti,e,chocolates,547.0,39.0,25.0,35.0,30.0,7.7,0.02,2025-03-24 08:51:53
8480000290625,Black chocolate 72% with almonds,mercadona,d,chocolates,578.0,44.0,20.0,25.0,21.0,14.0,0.02,2026-09-30 09:26:04
3760226260462,Tablette de chocolat noir avec inclusion de noisettes torréfiées,grain de sail,e,chocolates,588.0,45.0,22.0,35.0,33.0,7.0,0.1,2026-03-17 02:49:49
3760121219756,Chocolat noir 99%,biocoop,d,chocolates,590.0,53.0,34.0,7.0,0.9,12.0,0.01,2026-08-26 11:39:34
8000500428214,Surprise,kinder,e,chocolates,552.0,34.2,22.6,52.3,52.1,8.1,0.323,2026-10-05 18:55:39
5410081201220,L'original lait,côte d'or,e,chocolates,520.0,28.0,17.0,57.0,55.0,7.4,0.23,2026-06-10 03:50:01
20261375,Madagascar Dark Chocolate tummasuklaa,preferred selection,e,chocolates,600.0,40.0,23.3333333333333,46.6666666666667,26.6666666666667,10.0,0.0,2026-03-25 20:43:52
7622400817410,Cote d'or noir truffé,cote d\'or,e,chocolates,585.0,40.5,23.0,46.5,44.0,4.8,0.1,2026-04-29 14:58:13
7622210995124,Noir Pistaches Caramélisées,côte d'or,e,chocolates,543.0,33.0,17.0,50.0,46.0,6.4,0.01,2026-08-10 14:31:37
6111017046456,Chocolat au lait,aiguebelle,e,chocolates,527.0,29.0,0.0,57.0,56.0,8.0,0.0,2026-08-21 09:50:45
7622300134532,Caramel et Noisettes,milka,e,chocolates,560.0,36.0,18.0,52.0,49.0,5.4,0.24,2026-09-14 14:13:35
4000417700001,RITTER SPORT Nut sel. melk hazeln.,ritter sport,e,chocolates,569.0,38.0,13.0,45.0,43.0,8.9,14.0,2026-09-21 15:42:41
3045140015849,Carrés Noir Noisette,côte d'or,e,chocolates,578.0,40.0,18.0,43.0,40.0,6.8,0.01,2026-08-19 13:39:11
3560070701407,Fleur de sel noir,carrefour,e,chocolates,524.0,30.0,19.0,52.0,49.0,7.6,0.51,2026-10-03 05:55:59
3760091726407,chocolat lait forte teneur cacao,ethiquable,e,chocolates,591.0,43.0,26.0,38.0,35.0,9.2,0.15,2026-05-02 13:27:33
3564706606043,Noir extra 99%,equador,d,chocolates,598.0,50.0,31.0,13.0,1.1,15.0,0.01,2026-04-08 14:52:01
3256220610605,Chocolat noir et noisettes entières Tablette de 200g,u,e,chocolates,576.0,41.0,17.0,38.0,34.0,9.2,0.04,2026-07-07 03:08:27
7610036010305,Chocolat Villars Lait Suisse à l'ancienne 100g,villars,e,chocolates,570.0,38.0,23.0,49.0,49.0,7.0,0.33,2026-03-14 15:12:40
7622210438270,L'Original Lait,côte d'or,e,chocolates,520.0,28.0,17.0,57.0,55.0,7.4,0.23,2026-05-28 03:44:52
3046920040440,Excellence Noir Orange sanguine de Sicile,lindt,e,chocolates,558.0,39.0,21.0,37.0,30.0,9.6,0.02,2026-06-24 01:09:30
3760278868616,Chocolat Noir Togo Cajou Caramélisée,ethiquable,d,chocolates,579.0,44.0,24.0,30.0,22.0,9.0,0.1975,2026-09-24 07:45:24
7622202313080,milka Oreo,milka,e,chocolates,564.444444444444,35.1111111111111,20.0,57.7777777777778,48.8888888888889,4.88888888888889,0.4,2026-10-01 15:41:03
7622210439970,LT2X100G LOT NOISETTE MILKA,milka,e,chocolates,563.0,37.0,16.0,47.0,45.0,8.2,0.22,2026-07-01 22:28:14
4823077632570,BRUT TrueDark Chocolate Bar 80%,roshen,e,chocolates,558.0,43.7,26.6,22.8,18.2,10.2,0.01,2025-10-03 16:30:54
7622210834386,Milka,milka,e,chocolates,542.0,33.0,19.0,56.0,53.0,4.6,0.33,2026-03-17 19:59:28
4056489137290,Chocolat noir corsé dessert,fin carré,e,chocolates,527.0,33.9,20.6,40.4,35.5,9.0,0.02,2026-03-12 19:58:54
6111017042366,Mini delice amandes,aiguebelle,,chocolates,,,,,,,,2025-05-19 09:59:17
3483981002749,Chocolat Noir 74% Côte d'Ivoire,terra etica,e,chocolates,598.0,46.0,27.0,32.0,25.0,9.2,0.07,2026-03-19 03:40:23
8480000227034,Chocolate negro 72% con trozos de naranja,mercadona,e,chocolates,520.0,33.0,20.0,43.0,35.0,8.2,0.02,2026-09-13 22:12:39
3700214619544,Cacao aux éclats d’orange,alter eco,d,chocolates,640.0,57.0,35.0,15.0,3.5,9.2,0.01,2026-06-09 09:36:09
7622400893124,Milka Tendre au lait,milka,e,chocolates,579.0,38.0,22.0,52.0,51.0,5.2,0.27,2026-05-11 08:37:19
3560070776177,Noir noisettes entieres,carrefour extra,e,chocolates,555.0,37.0,14.0,42.0,38.0,9.4,0.01,2026-03-21 07:48:02
7614500010617,Dark Chocolate with Honey and Almond Nougat,toblerone,e,chocolates,14746.6539196941,30.0,18.0,50.0,47.0,5.9,0.01,2026-09-03 12:14:38
5410081200759,Chocolat au lait aux éclats de noisettes,côte d'or,e,chocolates,560.0,36.0,17.5,47.5,45.5,9.2,0.3,2026-09-20 02:59:48
3770024649062,Tablette Lait noisettes et amandes pilées,merveilles du monde,e,chocolates,565.0,37.0,18.0,47.0,46.0,8.5,0.16,2026-03-26 08:36:26
6111017040829,Aiguebelle mini,aiguebelle,,chocolates,,,,,,,,2025-10-14 19:11:15
3046920013789,Tablette de Chocolat Noir Excellence Pailleté Dentelle,lindt,e,chocolates,525.0,30.0,18.0,54.0,47.0,6.0,0.17,2026-07-25 12:25:22
6111250477154,Chocolat Noir,carlotti,e,chocolates,518.0,34.0,21.0,39.0,35.0,8.4,0.05,2026-06-25 20:53:05
7622202261565,Vegan Hazelnut Chocolate,milka,,chocolates,563.0,37.0,16.0,47.0,45.0,8.2,,2026-08-05 08:17:37
3046920017688,Excellence - Noir - Amandes effilées,lindt & sprüngli,e,chocolates,542.0,35.0,17.0,44.0,42.0,8.1,0.2,2026-08-08 05:26:57
3396411233692,Dégustation Noir Togo 85%,bonneterre,d,chocolates,612.0,52.0,32.0,21.0,14.0,8.5,0.0,2026-03-19 11:46:05
6111259345782,6111259345782,excelo,e,chocolates,564.0,37.4,18.2,53.7,33.4,3.26,0.4025,2026-06-23 13:39:27
4056489189237,Chocolate con leche 0% azúcar añadido,lidl,d,chocolates,498.0,35.7,23.4,52.4,9.7,5.4,0.2,2026-09-29 15:31:12
3760278868623,Noir Nicaragua 75% Coco Passion,ethiquable,d,chocolates,588.0,44.0,27.0,30.0,23.0,8.6,0.15,2026-08-30 11:33:39
20488703,Crusti Choc,fin carré,e,chocolates,514.0,26.5,15.9,61.4,50.2,6.5,0.42,2026-06-06 21:48:54
8000500359884,Ferrero Rocher - Wit - Hazelnoot,ferrero rocher,e,chocolates,611.111111111111,43.4,22.0,44.9,44.7,9.2,0.34,2026-09-10 10:28:05
3046920028400,lindt,lindt & sprüngli,d,chocolates,535.0,32.0,3.6,51.0,9.7,7.0,0.019,2026-06-24 18:20:14
3347430020077,Authentique noir bio 100%,moulin des moines,d,chocolates,626.0,56.0,33.0,7.0,0.0,12.0,0.2,2026-03-13 06:22:00
76145759,Toblerone,mondélez,e,chocolates,535.0,29.5,18.0,60.5,59.5,5.6,0.15,2026-09-11 12:07:43
3250391737253,Lait dégustation bio,ivoria,e,chocolates,585.2,40.0,25.0,47.0,45.0,8.1,0.19,2026-10-06 02:23:18
20261368,Dark Chocolate - Peru,lidl,e,chocolates,571.0,39.9,24.0,43.3,38.5,5.9,0.01,2026-03-14 02:53:16
3173281446595,Chocolat noir 82%,cemoi,e,chocolates,585.0,47.0,29.0,22.0,15.0,11.2,0.03,2026-09-14 13:55:03
4823077626203,aerated dark chocolate,roshen,e,chocolates,539.0,33.4,19.5,50.0,46.4,5.3,0.01,2026-08-29 03:53:43
3560071207137,3X100G CHOC NR 47% CRF CLASS,carrefour,e,chocolates,507.0,29.0,18.0,52.0,49.0,5.7,0.0,2026-03-05 04:14:06
3046920014281,Lindt Pailleté gaufrette Noir craquant,lindt,e,chocolates,525.0,30.0,18.0,54.0,45.0,5.8,0.14,2026-03-26 08:04:22
6132175403165,STORY Chocolat noir 70% Cacao - 100g,bifa,e,chocolates,572.99,46.92,22.55,30.96,28.1,6.71,0.0,2026-03-26 18:36:42
7622300086404,Karamel milka,milka,e,chocolates,2275.0,33.0,19.0,56.0,51.0,4.3,0.26,2026-10-05 12:42:39
00557825,dark chocolate,m&s collection,e,chocolates,582.0,43.5,26.7,32.6,25.5,9.4,0.01,2026-08-19 19:43:10
3700214610039,Tablette de chocolat au lait et noisettes entières bio,alter eco,e,chocolates,583.0,40.0,17.0,45.0,42.0,9.0,0.14,2026-09-04 21:15:30
4044889002249,Feine Bitter 92% Cacao,vivani,d,chocolates,653.0,60.0,37.0,13.0,6.5,10.0,0.03,2026-05-15 09:28:55
3483981900038,Chocolat noir,terra etica,e,chocolates,573.0,42.1,25.2,35.4,27.4,9.5,0.0,2026-03-17 20:20:19
3250391953462,Tablette dégustation chocolat noir fleur de sel - 100g,les creations,e,chocolates,525.8,30.0,19.0,54.0,51.0,6.4,0.3,2026-06-09 10:41:29
8410679234507,Chocolate con leche 0%,trapa,d,chocolates,463.0,32.0,20.0,58.0,6.7,5.2,0.13,2026-08-29 18:21:18
3245678046463,Dessert noir 52%,auchan,e,chocolates,523.0,32.0,20.0,49.0,49.0,6.0,0.02,2026-08-27 16:04:00
3760121219718,Noir dessert,biocoop,e,chocolates,574.0,40.0,25.0,45.0,43.0,4.3,0.1,2026-05-30 01:14:10
4056489467205,Chocolat noir sans sucre ajouté,fin carré,d,chocolates,522.0,42.2,26.9,34.3,1.2,8.2,0.03,2026-03-26 14:47:44
3046920022071,Pistazie Feinherb,lindt,e,chocolates,576.0,32.0,17.0,52.0,47.0,6.4,0.2175,2026-07-25 12:27:35
8410109000023,Chocolate puro,chocolates valor s.a.,e,chocolates,540.0,33.0,21.0,50.0,47.0,6.2,0.08,2026-09-30 09:17:28
3033710002665,GALAK Chocolat Blanc Tablette 2x100g,nestlé,e,chocolates,555.0,32.5,19.5,61.6,57.4,3.7,0.17,2026-09-19 01:50:37
7613037987355,NESTLE L'ATELIER Tablette Chocolat noir noisettes - 170g,nestlé,e,chocolates,570.0,39.3,15.7,40.8,34.8,9.3,0.01,2026-09-21 01:35:51
7610400066204,"Les grandes, 34% Noisettes, Lait",lindt,e,chocolates,593.0,43.0,14.0,41.0,39.0,8.7,0.12,2026-06-22 23:37:10
3760278863857,Gianduja Noir Éclats de Noisettes,ethiquable,e,chocolates,586.0,44.0,14.0,37.0,32.0,9.2,0.03,2026-05-05 11:38:01
6111017045589,Pepite chocolat,aiguebelle,e,chocolates,534.0,31.4,28.6,60.6,54.6,2.2,0.02,2026-08-01 09:54:48
8410679234019,85% cacao collection,trapa,e,chocolates,542.0,43.0,27.0,22.0,16.0,11.0,0.06,2026-03-27 16:39:11
6111031005491,6111031005491,,,chocolates,,,,,,,,2025-06-21 08:03:41
3046920014342,Tablette de chocolat Lait Céréales Croustillantes LUCKY MONKEY,lindt,e,chocolates,530.0,29.0,18.0,59.0,51.0,6.9,0.265,2026-03-26 16:49:29
4014400900217,Merci,storck,e,chocolates,573.0,37.5,20.5,49.2,47.2,8.0,0.18,2026-09-23 18:46:18
8717677339938,milk chocolate with caramel pieces and sea salt,tony's chocolonely,e,chocolates,537.0,32.0,19.0,54.0,51.0,6.9,0.6775,2026-06-15 23:18:20
5060719920285,Black Forest cherry dark chocolate,montezuma's,e,chocolates,567.0,40.0,24.0,37.0,31.0,9.0,0.3,2026-03-26 01:31:30
3046920032100,Chocolat Excellence Noir Intense 70%,lindt,e,chocolates,566.0,41.0,24.0,34.0,30.0,9.5,0.1,2026-03-17 17:43:51
3560070660575,Dessert noir,carrefour,e,chocolates,527.0,33.0,21.0,46.0,43.0,6.2,0.05,2026-03-17 23:56:27
3450970055499,Chocolat noir 70% cacao,eco,e,chocolates,514.0,33.0,20.0,36.0,30.0,12.0,0.03,2026-03-21 15:09:39
3250391782819,Tablette BIO Dessert Chocolat noir - 200g,ivoria,e,chocolates,547.4,34.0,20.0,50.0,47.0,6.4,0.01,2026-08-21 01:35:05
3250392087210,Tablette BIO dégustation Noir pépites orange,ivoria,d,chocolates,533.8,33.0,21.0,49.0,42.0,6.1,0.01,2026-09-23 01:44:42
3046920021463,Dessert le 70 % cacao Noir intense,lindt,e,chocolates,537.0,37.0,22.0,36.0,30.0,9.0,0.3,2026-07-08 18:42:43
3596710512898,Chocolat perou noir 85%,auchan,d,chocolates,584.0,47.0,30.0,22.0,16.0,11.0,0.01,2026-08-27 19:54:14
8445291434738,NESTLE L'ATELIER Carrés dégustation Noir 70% 176g,nestlé,e,chocolates,580.0,42.8,23.2,33.9,26.9,9.8,0.01,2026-08-23 02:15:19
8000500289877,Kinder Schokobons White,kinder,e,chocolates,577.0,38.3,22.5,47.3,47.2,10.3,0.381,2026-09-17 01:46:09
3046920020206,Lindt Chocolat au lait praliné noisettes,lindt,e,chocolates,565.0,37.0,15.0,48.0,47.0,8.0,0.13,2026-07-11 11:18:46
7622201148782,DAIRY MILK,cadbury,e,chocolates,535.0,30.5,17.5,55.0,55.0,7.5,0.000625,2026-09-27 10:59:34
3046920032155,Excellence 85%,lindt,e,chocolates,584.0,46.0,27.0,22.0,15.0,12.5,0.01,2026-03-24 01:17:56
8480000124760,Chocolate blanco,mercadona,e,chocolates,556.0,34.0,20.0,56.0,56.0,6.6,0.0,2026-09-30 09:27:06
29398003,Dark milk chocolate with blood orange,marks & spencer,e,chocolates,573.0,39.5,24.3,42.4,37.3,9.0,0.1,2026-05-25 00:19:48
6111270960001,Lait crémeux,nooco,e,chocolates,526.0,29.0,17.0,59.0,58.0,6.3,0.4,2026-08-21 09:54:49
3760278866728,Gianduja noir intense,ethiquable,d,chocolates,586.0,46.0,20.0,29.0,21.0,11.0,0.07,2026-09-27 12:40:06
3664346312608,180G POULAIN PRALINOISE,poulain,,chocolates,,,,,,,,2026-03-14 09:47:20
3664346306614,Fine et gourmande lait français,fine gourmande,d,chocolates,514.0,40.0,25.0,49.0,5.1,5.2,0.1,2026-06-06 22:07:43
7622210496225,Toblerone,toblerone,e,chocolates,528.0,28.0,17.0,61.0,60.0,5.6,0.12,2026-03-14 03:33:33
8006380215258,Fondentenero Cioccolato Extra Amaro 72%,novi,e,chocolates,590.0,46.0,28.0,32.0,27.0,8.0,0.0,2026-04-17 15:40:30
3564707121736,Chocolat noir noisettes entières,bio village,e,chocolates,586.0,43.0,18.0,37.0,33.0,8.6,0.01,2026-03-03 20:30:46
0040600022651,Lindt Excellence,lindt excellence,,chocolates,566.0,41.0,24.0,34.0,30.0,9.5,,2026-03-26 13:27:34
7613035898677,NESTLÉ DESSERT Corsé,nestlé,e,chocolates,554.0,37.3,22.4,40.6,34.5,8.3,0.02,2026-09-17 01:48:06
8410679234026,Trapa 74%,trapa,e,chocolates,535.0,40.0,25.0,31.0,27.0,9.3,0.06,2026-03-27 14:22:25
8480000706522,Chocolate Negro 55%,mercadona,e,chocolates,534.0,35.0,22.0,47.0,44.0,5.5,0.01,2026-09-30 11:17:08
8410109128994,Chocolate 70% negro 0% azúcares añadidos,chocolates valor s.a.,d,chocolates,481.0,36.0,23.0,34.0,0.5,11.0,0.1,2026-09-30 09:25:31
4061458021630,Edelbitter-Schokolade 85 % Cacao,moser roth,d,chocolates,604.0,50.0,31.0,20.0,14.0,11.0,0.35,2026-09-17 10:21:48
4000539671104,Lindt Schokolade Goldhase,lindt,e,chocolates,544.0,32.0,19.0,56.0,54.0,7.2,0.32,2026-04-29 20:53:28
4000539671005,Lapin d’or chocolat au lait,lindt,e,chocolates,544.0,32.0,19.0,56.0,54.0,7.2,0.32,2026-04-17 12:30:38
7622300311902,Chocolat noir Pâte d'amande,côte d'or,e,chocolates,464.0,22.0,7.0,58.0,54.0,6.0,0.0,2026-06-01 01:52:47
00392754,80% Dark Chocolate,sainsbury's,d,chocolates,592.0,45.5,27.7,30.6,19.9,9.4,0.09,2026-03-27 14:15:23
3256220512978,Tablette de chocolat au lait 100g,u,e,chocolates,578.0,39.0,24.0,47.0,44.0,8.0,0.18,2026-07-07 02:59:34
3250391503803,DESSERT NOIR CORSE,ivoria,e,chocolates,544.2,35.0,22.0,43.0,34.0,9.4,0.01,2026-03-25 22:59:14
3483981900991,Chocolat noir 88% Grand cru M'Brimbo,terra etica,d,chocolates,624.0,54.0,32.0,16.0,11.0,9.9,0.16,2026-06-30 11:48:48
3760226261452,"Tablette de chocolat 75% de cacao, caramel et fleur de sel",grain de sail,d,chocolates,558.0,42.0,26.0,29.0,25.0,8.0,0.13,2026-10-04 08:51:40
7622202211102,MILKA ALPINE,milka,e,chocolates,532.0,29.0,18.0,59.0,58.0,6.1,0.265,2026-07-20 16:00:14
6111025116707,Pépites noir,,e,chocolates,545.0,32.0,30.0,60.0,56.0,0.0,0.25,2024-12-16 23:27:50
3760278866735,Noir sésame caramelise,ethiquable,e,chocolates,570.0,40.0,21.0,38.0,32.0,9.2,0.0875,2026-03-26 05:57:03
3046920014335,Lucky Monkey lait fondant pâte de noisettes,lindt,e,chocolates,550.0,33.0,19.0,55.0,53.0,7.2,0.27,2026-03-26 16:49:24
7613036723671,Dolca chocolate negro,société des produits nestlé s.a.,e,chocolates,514.084507042254,27.2,16.0,58.4,56.6,5.7,0.01,2026-09-28 21:10:53
7610400066211,"Les grandes, 34% noisettes, Noir",lindt,e,chocolates,587.0,42.0,14.0,41.0,38.0,8.0,0.01,2026-08-05 07:16:48
3256224642022,Chocolat noir dégustation 72% de cacao et fleur de sel Tablette de100g,u,e,chocolates,546.0,34.6,21.7,46.1,37.9,8.7,0.3,2026-09-05 02:39:56
3245412980152,Piel de naranja confitadas negro,carrefour,e,chocolates,521.0,33.0,21.0,44.0,39.0,7.6,0.05,2026-03-12 22:39:26
3046920028585,Excellence Dark 70% Cocoa,lindt,e,chocolates,565.714285714286,41.0,24.0,35.0,30.0,9.42857142857143,0.2,2026-08-28 12:51:54
3760278863062,chocolat bio noir Pérou 70% fleur de sel de Camargue,ethiquable,e,chocolates,580.0,43.0,26.0,35.0,27.0,9.3,0.43,2026-03-17 19:28:01
0796554054056,Pany,,,chocolates,542.0,29.3,,63.4,,6.09,0.2,2025-06-10 13:57:08
3329757005012,Chocolat noir,pure via,d,chocolates,420.0,38.0,23.0,34.0,1.0,7.0,0.09,2026-03-26 14:38:27
3250392273484,Tablette BIO dégustation - Chocolat noir aux éclats de fèves de cacao - 100g,ivoria,e,chocolates,551.2,36.0,22.0,45.0,42.0,6.8,0.03,2026-09-03 01:48:26
20303037,Whole Nuts White Chocolate,fin carré,e,chocolates,581.0,39.9,15.1,45.0,44.8,9.2,0.295,2026-07-04 22:21:31
6194005446100,Dégustation - Chocolat Noir 72% Cacao,maestro,e,chocolates,590.0,39.0,23.0,32.0,28.0,8.0,0.08,2026-03-21 13:01:23
5412956216438,Dark chocolate cachet,cachet,e,chocolates,522.0,32.0,19.0,47.0,44.0,6.2,0.01,2026-06-10 13:23:55
3477730001770,Chocolat Pérou 85% cacao,kaoka,d,chocolates,584.0,47.0,30.0,22.0,16.0,11.2,0.01,2026-03-25 20:52:34
3560070830596,Dessert Chocolat,carrefour,e,chocolates,504.0,26.0,16.0,58.0,55.0,6.2,0.0,2026-03-13 15:33:05
3596710512904,Chocolat noir 80% bio equateur,auchan,d,chocolates,577.0,44.0,27.0,27.0,21.0,11.0,0.01,2026-09-01 01:43:24
3760077182241,Chocolat noir 100% Madagascar,saveurs & nature,d,chocolates,617.0,54.0,32.0,14.0,0.2,12.0,0.01,2026-06-03 23:49:14
3760077182258,Pure origine Perou,saveurs & nature,d,chocolates,608.0,52.0,32.0,15.0,0.2,11.0,0.02,2026-06-05 04:39:03
7622202257124,Alpenmilch,milka,e,chocolates,539.0,31.0,19.0,57.0,55.0,6.5,0.28,2026-05-30 14:26:55
4068262074920,Noir 70%,moser roth,e,chocolates,578.0,42.0,26.0,34.0,28.0,9.5,0.02,2026-03-26 19:32:20
7613037984798,NESTLE L'ATELIER Tablette Chocolat lait raisins - 170g,nestlé,e,chocolates,530.0,30.7,15.0,53.0,51.3,8.6,0.16,2026-10-04 19:22:39
4014400901405,Merci Milk Selection,merci,e,chocolates,579.0,37.8,20.4,50.1,48.3,8.1,0.21,2026-09-25 10:29:37
3700214616253,Noir et noisettes entières,alter eco,e,chocolates,581.0,40.0,17.0,46.0,41.0,6.0,0.0,2026-09-05 22:49:26
76145513,Toblerone,toblerone,d,chocolates,508.0,28.0,3.2,60.0,12.0,5.6,0.024,2026-09-17 07:03:13
3046920027281,Caramel Feinherb,lindt,e,chocolates,520.0,29.0,17.0,56.0,52.0,5.4,0.8,2026-09-25 06:09:48
4000417026002,Nugat,ritter sport,e,chocolates,552.0,32.3,13.0,54.8,51.0,7.4,0.1175,2026-08-07 10:14:47
3179142056644,Pépites chocolat noir Bio,vahiné,e,chocolates,520.0,29.0,18.0,54.0,50.0,6.6,0.2,2026-03-13 20:33:03
3250390751656,Tablette bloc chocolat noir aux noisettes entières - 200g,ivoria,e,chocolates,554.4,36.0,16.0,44.0,40.0,9.3,0.01,2026-06-05 04:37:44
4014400917956,Finest Selection Mandel Knusper Vielfalt,storck,e,chocolates,571.0,37.4,19.0,47.2,44.5,9.6,0.2175,2026-10-03 12:54:36
4044889000054,Chocolat noir biologique,vivani,e,chocolates,619.0,53.0,33.0,20.0,14.0,10.0,0.01,2026-03-17 14:58:16
7622300630676,Nougat,côte d'or,e,chocolates,508.0,27.0,9.6,61.8,46.0,7.3,0.1875,2026-03-13 00:07:44
6130014080119,Ambassadeur,bimo,,chocolates,563.0,38.93,22.92,52.28,,8.05,0.04,2026-06-22 07:02:26
29211920,Dark Milk Chocolate,m&s collection,e,chocolates,574.0,39.6,24.3,42.0,36.4,9.0,0.0494,2026-07-26 17:32:21
5000159559362,twix,twix,e,chocolates,493.0,24.0,14.0,65.0,48.0,4.6,0.4,2026-10-02 16:20:13
3250393109195,Tablette dégustation BIO - Chocolat noir pure origine Sao Tomé 76% - 100g,ivoria,d,chocolates,585.0,45.0,27.0,28.0,21.0,10.0,0.0,2026-10-06 02:23:34
3760077182234,Chocolat noir Madagascar 85%,saveurs & nature,d,chocolates,606.0,50.0,30.0,23.0,14.0,9.8,0.01,2026-06-03 23:49:10
7622202040429,Almonds & Milk Chocolate,milka,e,chocolates,551.0,34.0,15.0,49.0,48.0,9.3,0.22,2026-03-11 06:35:46
7622202313042,Milka Caramel,milka,,chocolates,544.0,33.2,,56.0,,4.4,,2026-09-24 09:06:19
3046920045407,Creation lait caramel,lindt,e,chocolates,540.0,33.0,20.0,54.0,52.0,5.7,0.365,2026-06-11 14:37:56
7613037986938,NESTLE L'ATELIER Tablette Chocolat noir raisins - 170g,nestlé,e,chocolates,537.0,34.0,15.3,44.9,39.6,8.6,0.01,2026-10-04 19:22:43
20090043,Tablette de chocolat noir,fin carré,e,chocolates,523.0,31.8,19.1,49.6,47.1,5.4,0.01,2026-03-21 21:56:33
3483981190118,Chocolat noir 98%,terra etica,d,chocolates,620.0,54.0,32.0,13.0,1.0,14.0,0.0,2026-03-14 02:43:03
3046920028752,Lindt Excellence Mint Intense Dark Chocolate Block 100g,lindt,e,chocolates,535.0,32.0,19.0,52.0,47.0,6.0,0.0583333333333333,2026-09-05 10:28:25
00392778,Single Estate Venezuelan Dark clChocolate,sainsbury's,e,chocolates,599.0,45.7,27.6,34.5,27.4,9.5,0.08,2026-04-03 21:41:39
5000169567555,Dark Chocolate,waitrose & partners,d,chocolates,589.0,45.6,27.8,29.2,23.7,9.4,0.0,2026-05-19 20:53:36
3760226260714,Tablette de chocolat au lait avec noisettes torréfiées et fleur de sel,grain de sail,e,chocolates,588.0,44.0,21.0,37.0,35.0,10.0,0.3,2026-03-13 15:05:43
7613037030440,NESTLÉ DESSERT Chocolat Noir Éclats de Noisettes 170g,nestlé,e,chocolates,559.0,36.5,17.2,46.9,42.6,7.6,0.01,2026-08-28 01:44:34
3760121219695,Chocolat noir noisettes,biocoop,d,chocolates,587.0,47.0,23.0,28.0,24.0,8.7,0.08,2026-06-11 10:32:01
8901262070546,Chocominis,amul,e,chocolates,526.0,29.3,28.3,61.1,56.6,5.3,0.15,2025-11-19 14:32:09
6132175402564,premium story chocolat pistache,bifa,e,chocolates,541.96,34.02,13.55,50.39,47.91,8.57,0.06,2026-03-26 18:25:17
7622300650339,Milka - Oreo,milka,e,chocolates,564.0,35.0,20.0,56.0,49.0,4.8,0.325,2026-03-20 08:15:01
3396410047573,Dégustation noir équateur boisé,bonneterre,d,chocolates,672.0,61.0,37.0,18.0,9.0,7.2,0.01,2026-03-17 11:31:41
20005795,Edelrahm-Ganze-Mandel,fin carré,e,chocolates,604.0,41.7,17.7,42.8,38.8,11.8,0.1875,2026-04-16 14:04:56
7622300617820,Milka Oreo,milka,e,chocolates,565.0,35.5,20.0,55.0,49.5,5.0,0.35,2026-04-01 08:21:21
3270190023135,Chocolat,carrefour,c,chocolates,122.0,3.0,1.9,20.0,17.0,3.3,0.2,2026-06-03 02:38:49
3564700027479,Chocolat noir noisettes entière,marque repère,e,chocolates,565.0,40.0,16.0,38.0,36.0,8.8,0.04,2026-03-14 21:50:41
3564700027486,Chocolat noir amandes entières,marque repère,e,chocolates,547.0,34.0,14.0,42.0,38.0,11.0,0.0,2026-03-18 16:55:48
3258590002400,Noir 100% - Plaisir et bien être,dardenne,d,chocolates,667.0,63.0,37.0,6.0,0.0,10.0,0.17,2026-03-17 21:51:29
7622210100092,Noir de noir,côte d'or,e,chocolates,554.0,36.0,22.0,47.0,44.0,5.9,0.01,2026-07-25 15:51:36
7622201517168,Noir 70% noisettes et amandes caramélisées,côte d'or,e,chocolates,575.0,43.0,24.0,35.0,30.0,6.6,0.16,2026-06-05 11:54:07
4000417602510,Marzipan,ritter sport,e,chocolates,494.980879541108,27.0,11.0,52.0,51.0,7.0,0.01,2026-05-08 15:55:44
3046920021494,Excellence,lindt,e,chocolates,535.0,32.0,17.0,52.0,48.0,6.3,0.0975,2026-07-23 10:37:21
5060719920162,Happy Hippy 74% Cocoa Organic Orange & Geranium Dark Chocolate,montezuma's,e,chocolates,587.0,44.0,26.0,33.0,25.0,10.0,0.3,2026-03-27 17:33:08
0652655001156,Dark Chocolate Ginger,border,e,chocolates,483.0,23.9,12.6,60.2,33.4,4.5,0.23,2026-05-07 03:28:27
7622201491529,Milka triple caramel,,,chocolates,,,,,,,,2026-04-15 21:36:37
8697439301277,Cococoa,toren,e,chocolates,469.0,24.9,22.3,61.5,50.5,2.9,0.20725,2025-05-31 21:42:12
3760278863970,chocolat lait 56%,ethiquable,e,chocolates,605.0,47.0,28.0,33.0,30.0,9.5,0.15,2026-09-01 21:54:49
3664346332330,Dessert noir,poulain,e,chocolates,508.0,28.0,18.0,55.0,52.0,4.9,0.01,2026-08-02 08:34:23
7613034480996,Chocolat noir pour préparation pâtissière,nestlé,e,chocolates,548.0,34.1,20.2,50.7,46.4,6.0,0.01,2026-06-03 02:58:57
20080181,Lait Raisins secs & Noisettes,bellarom,e,chocolates,530.0,32.9,16.1,50.4,47.7,6.5,0.1775,2026-08-09 06:56:52
3396410047566,Chocolat Noir Panama,bonneterre,d,chocolates,605.0,49.0,30.0,25.0,19.0,10.0,0.03,2026-08-28 06:02:08
